stage,date,sha,pr,subject
01_scheduling,2026-04-20T13:45:01+02:00,dbb96932f2ee,,"coverage-fork-publish: trigger on non-cancelled runs (codecov failures should not block)"
01_scheduling,2026-04-20T12:05:23+02:00,44dae5119f3e,,"coverage: split publish into workflow_run-triggered fork workflow"
01_scheduling,2026-04-10T19:20:54-04:00,b8863671281e,7404,"Fix CMake compiler coroutine flags (#7404)"
01_scheduling,2026-03-24T16:56:09+00:00,464ef88193c3,,"CI: Run RTLMeter when pushing to a 'ci-rtlmeter/**' branch"
01_scheduling,2026-03-20T09:23:32-07:00,c3fc0d9f0ffe,7296,"Fix coroutine trace setters (#7078 repair) (#7296)"
01_scheduling,2026-03-04T22:39:05-05:00,e5ad9b3a4b29,7197,"Support Z non-blocking assignment (#7192) (#496) (#7197)"
01_scheduling,2026-03-01T11:59:29-05:00,192445097ac1,7165,"Internals: Fix non-determinism in V3Delayed, V3SplitVar, V3Task (#7120 partial) (#7165)"
01_scheduling,2026-03-01T07:44:59-05:00,97838325cd32,7162,"Fix scheduling non-determinism (#7120 partial) (#7162)"
01_scheduling,2026-02-28T09:52:02-05:00,02c1dbc5dcd6,7135,"Fix lambda coroutines (#6106) (#7135)"
01_scheduling,2026-02-22T11:36:22-05:00,38d5da7a2405,,"Tests: Fix t_fork_join_none_capture for other simulators"
01_scheduling,2026-02-17T21:51:11-05:00,da28c67e60ed,6891,"Fix #0 delays to control fork scheduling (#6730 repair) (#6891)"
01_scheduling,2026-02-16T03:55:55+00:00,505d33b35a71,7079,"Support #0 delays with IEEE-1800 compliant semantics (#7079)"
01_scheduling,2026-02-14T20:15:32+00:00,a0b89dde8ece,7078,"Internals: Make AstCAwait an AstNodeStmt (#6280) (#7078)"
01_scheduling,2026-02-08T16:09:53+00:00,3752102879c4,7015,"Internals: Clean up V3Reorder (#7015)"
01_scheduling,2026-01-28T10:45:23+00:00,78755523541b,6953,"Internals: Add stats/dump of circular logic in scheduling (#6953)"
01_scheduling,2026-01-24T10:56:27-05:00,1e7198eabb9e,,"Tests: t_fork_join_none_stmt (#5902 test)"
01_scheduling,2026-01-23T22:11:04-05:00,07b61d3745e2,6911,"Fix internal error when fork under always expression (#6911)."
01_scheduling,2026-01-15T06:53:00-05:00,550cf4462d24,6926,"Fix of dynamic scheduler temporary varable locations (#6859) (#6926)"
01_scheduling,2025-12-20T21:25:01-05:00,ffa87540cc31,6843,"Fix randcase under fork (#6843)."
01_scheduling,2025-12-17T19:24:43-05:00,b90865a08aa7,6790,"Change `--lint-only` and `--json-only` to imply `--timing` (#6790)."
01_scheduling,2025-12-08T18:42:52+00:00,1baa832efc48,6780,"Fix reordering of function body inlined on RHS of <= NBA (#6780)"
01_scheduling,2025-11-26T15:52:53+03:00,2c5ff3f63ff5,6730,"Fix fork scheduling semantics (#6730)"
01_scheduling,2025-11-10T09:39:33-05:00,0062a422a482,6671,"Support `#1step` delay as statement  (#6671)"
01_scheduling,2025-11-05T15:55:30+00:00,cb5f03806081,6643,"Internals: Optimzie unlinking rest of list after head (tail) (#6643)"
01_scheduling,2025-11-03T09:39:23-05:00,0eaa9ed14428,6631,"Fix `--timing` with `--x-initial-edge` (#6603) (#6631)"
01_scheduling,2025-11-01T15:43:20+00:00,2e502aead8f1,6620,"Internals: Make all scheduling region use a single trigger vector. (#6620)"
01_scheduling,2025-10-31T18:29:11+00:00,922223a9c371,6616,"Internals: Replace VlTriggerVec with unpacked array (#6616)"
01_scheduling,2025-10-28T17:02:21+00:00,766514bdcfb5,6602,"Fix --hierarchical with --binary (#6602)"
01_scheduling,2025-10-27T21:18:47+00:00,cddbb5e095a4,,"Internals: Split some code from V3Sched.cpp"
01_scheduling,2025-10-27T10:41:30+00:00,60c532908e64,6581,"Internals: Create if statements for triggers during scheduling (#6280) (#6581)"
01_scheduling,2025-10-26T09:47:09+00:00,d236e4c054f9,,"Internals: Cleanup scheduling"
01_scheduling,2025-10-25T21:59:21+02:00,7225c902ee0e,6596,"Fix V3Life eliminating assignments across timing controls (#6593) (#6596)"
01_scheduling,2025-10-24T14:00:07+01:00,d864057a607e,6588,"Internals: Refactor AstNodeBlock representation (#6280) (#6588)"
01_scheduling,2025-10-23T16:37:31+01:00,d33da1ebb626,6280,"Internals: Refactor ForkVisitor (#6280)"
01_scheduling,2025-10-22T11:14:21+01:00,cb3c2706a82b,,"Internals: Remove funcLocal from 'fork' locals"
01_scheduling,2025-10-22T08:48:28+01:00,d65ba037a8ed,,"Internals: Simplify parsing of 'fork' blocks"
01_scheduling,2025-10-20T10:16:05-04:00,9bd30baba495,6555,"Fix $finish inside fork blocks (#6555)"
01_scheduling,2025-10-14T09:05:19+01:00,eb53bca6fdc1,6556,"Internals: Make AstAssignW a procedural statement (#6280) (#6556)"
01_scheduling,2025-09-29T15:25:25+01:00,603f4c615a06,6493,"Improve Loop unrolling (#6480) (#6493)"
01_scheduling,2025-09-29T07:12:35-04:00,7e854a9e639d,6503,"Internals: Simplify SystemC-related timing code (#6503)"
01_scheduling,2025-09-20T15:50:22+01:00,d1eda6666825,6463,"Deprecate clocker attribute and --clk option (#6463)"
01_scheduling,2025-09-17T20:41:29+01:00,0e2f0381d020,6448,"CI: Improve and cleanup (#6448)"
01_scheduling,2025-09-16T22:38:53+01:00,f39d6e61083c,6443,"Deprecate sensitivity list on public_flat_rw attributes (#6443)"
01_scheduling,2025-09-09T14:12:24+02:00,0743d84bcc34,6407,"Fix timing control under fork under function (#6407)"
01_scheduling,2025-09-01T17:25:57+02:00,f58b32373622,6354,"Wrap forked processes in begins early (#6343) (#6354)"
01_scheduling,2025-08-31T15:06:50+01:00,7ac610a3cba7,,"Internals: Add 'RTLMeter PR results' workflow"
01_scheduling,2025-08-25T13:47:45+01:00,02e64f07958a,6331,"Optimize multiplexers in Dfg synthesis (#6331)"
01_scheduling,2025-08-22T06:21:13-04:00,b19215770b84,6310,"Fix direct NBA to dynamically-sized variable (#6310)"
01_scheduling,2025-08-20T12:21:07-04:00,3d3462b209d1,6314,"Support disabling a fork from within that fork (#6314)"
01_scheduling,2025-08-19T15:06:38+01:00,636a6b8cd2c5,6298,"Optimize complex combinational logic in DFG (#6298)"
01_scheduling,2025-08-19T00:11:14+01:00,c9a6d06544bf,6306,"Improve V3LifePost to not require AstAssignPre/AssignPost (#6306)"
01_scheduling,2025-08-18T13:46:35+01:00,9dc31e4556c2,6305,"Fix unsound assertion in V3Delayed (#6305)"
01_scheduling,2025-08-17T19:35:40+01:00,f6edf26eb2c2,6300,"Fix hierarchical NBAs (#6286) (#6300)"
01_scheduling,2025-08-07T18:17:00+01:00,188a12f609a1,6270,"CI: Add raising GitHub issue on failure of scheduled RTLMeter job (#6270)"
01_scheduling,2025-07-21T19:28:50-04:00,74d4b0c0ea85,6201,"Fix automatic task variables in unrolled loops with forks (#6194) (#6201)."
01_scheduling,2025-07-16T16:04:17+02:00,1bf24c7eb454,6183,"Add support for disabling begin just under fork from outside that begin (#5432 partial) (#6183)"
01_scheduling,2025-07-14T06:51:58-04:00,e2e5d9eaf137,6174,"Support disabling a fork from outside that fork (#6174)"
01_scheduling,2025-07-02T18:43:10-04:00,ae0f29ed37fd,6152,"Fix wide non-blocking assignment mis-optimization (#6150) (#6152)"
01_scheduling,2025-06-28T20:45:45+01:00,bc892deacc6e,6137,"Safely support non-overlapping blocking/non-blocking assignments (#6137)"
01_scheduling,2025-06-26T10:28:58-04:00,d183b4edde16,6126,"Fix variables declared in fork after taskify (#6126)"
01_scheduling,2025-06-10T13:06:05+01:00,07394fcafa15,6074,"Automatically publish scheduled RTLMeter results (#6074)"
01_scheduling,2025-05-20T12:15:09-04:00,6d257ef52c4a,6009,"Improve hierarchical scheduling visualization in V3ExecGraph (#6009)"
01_scheduling,2025-05-18T21:13:37-04:00,f74c67da46a7,6021,"CI: Add variable to explicitly enable some GitHub workflows (#6021)"
01_scheduling,2025-05-08T11:45:10+01:00,5f4646f617ac,5954,"Ignore dependencies from different hierarchical schedules (#5954)"
01_scheduling,2025-05-04T21:25:44-04:00,413183bad88f,,"Fix localize of coroutines (#5972 partial)"
01_scheduling,2025-04-26T09:52:44-04:00,c3d1c3b95285,5927,"Fix vlSelf error on fork repeats (#5927)."
01_scheduling,2025-04-04T08:15:39-04:00,6ba06498db2f,5906,"Fix segfault in fork synchronization (#5906)."
01_scheduling,2025-03-29T15:50:07-04:00,2116b424b947,,"Tests: Cleanup as --binary implies --timing. No test functional change."
01_scheduling,2025-03-22T08:03:25-04:00,f9109eb61f4e,,"Delay deletes in V3Fork (#5862 attempt)"
01_scheduling,2025-03-11T07:40:21-04:00,6ecdd14fdb12,5848,"Fix NBA shared flag reuse (#5848)"
01_scheduling,2025-02-27T21:42:20-05:00,a9762e0c5cfa,,"Fix coredump on fork inside disable named block by adding an UNSUPPORTED"
01_scheduling,2025-02-13T18:33:12-05:00,ffb02cea1548,5777,"Fix ignoring joins in stringify in preprocessor (#5777)"
01_scheduling,2025-01-20T14:24:09-05:00,0507fb46558b,5734,"Improve hierarchical DPI wrapper scheduling performance (#2583) (#5734)"
01_scheduling,2025-01-20T07:23:10-05:00,f4a01eb4525f,5740,"Fix inlined expression with assignment under LHS of NBA (#5736) (#5740)"
01_scheduling,2024-12-19T17:30:40-05:00,bb45fd6c6c52,5690,"Add error on `--savable --timing` (#5690)."
01_scheduling,2024-12-02T05:43:26-05:00,a668b7c6586b,5650,"Fix missing VlProcess handle in coroutines with splits (#5623) (#5650)"
01_scheduling,2024-11-13T08:00:43-05:00,d4a8cbb1d6f5,4449,"Fix `function fork...join_none` regression with unknown type (#4449)."
01_scheduling,2024-11-10T17:38:28+00:00,863abdb1f767,5603,"Fix NBAs to unpacked arrays of unpacked structs (#5603)"
01_scheduling,2024-10-09T11:43:53+01:00,041f6603c3cb,5520,"Make incorrect soft ordering constraint into a hard constraint. (#5520)"
01_scheduling,2024-10-09T10:39:40+01:00,5acced1e3386,5516,"Refactor V3Delay for extensibility (#5516)"
01_scheduling,2024-09-21T07:46:04-04:00,048414328223,5472,"Tests: Update t_timing_finish (#5472)"
01_scheduling,2024-09-20T22:16:00-04:00,0ee214a157cc,,"Tests: Fix t_timing_fork_comb_bad committed earlier"
01_scheduling,2024-09-20T17:46:27-04:00,92dd8ee8f5a4,5472,"Fix timing mode not exiting on empty events (#5472)."
01_scheduling,2024-09-19T19:28:07-04:00,e990415ee09e,,"Tests: Improve driver performance with forkserver"
01_scheduling,2024-09-18T21:20:17-04:00,371a4055b0d9,5456,"Fix false LIFETIME warning on `repeat` in `fork-join` (#5456)."
01_scheduling,2024-09-04T07:57:51-04:00,51691dfde56c,,"Fix driving clocking block in Reactive"
01_scheduling,2024-08-26T05:01:37-04:00,d3e07b6ad9d6,,"Internals: Always use parallel for make -j 4 clang-format yapf format-pl-exec make[1]: Entering directory '/svaha/wsnyder/SandBox/homecvs/v4/verilator' yapf3 -i bin/verilator_ccache_report bin/verilator_difftree bin/verilator_gantt bin/verilator_includer bin/verilator_profcfunc examples/json_py/vl_file_copy examples/json_py/vl_hier_graph docs/guide/conf.py docs/bin/vl_sphinx_extract docs/bin/vl_sphinx_fix src/astgen src/bisonpre src/config_rev src/cppcheck_filtered src/flexfix src/vlcovgen src/.gdbinit.py test_regress/t/*.pf nodist/clang_check_attributes nodist/code_coverage nodist/dot_importer nodist/fuzzer/actual_fail nodist/fuzzer/generate_dictionary nodist/install_test nodist/log_changes  nodist/code_coverage.dat chmod a+x test_regress/t/*.pl clang-format-14 -i ./include/verilated.cpp ./include/verilated_cov.cpp ./include/verilated_dpi.cpp ./include/verilated_fst_c.cpp ./include/verilated_fst_sc.cpp ./include/verilated_probdist.cpp ./include/verilated_profiler.cpp ./include/verilated_random.cpp ./include/verilated_save.cpp ./include/verilated_threads.cpp ./include/verilated_timing.cpp ./include/verilated_vcd_c.cpp ./include/verilated_vcd_sc.cpp ./include/verilated_vpi.cpp ./examples/make_hello_c/sim_main.cpp ./examples/make_hello_sc/sc_main.cpp ./examples/make_protect_lib/sim_main.cpp ./examples/make_tracing_c/sim_main.cpp ./examples/make_tracing_sc/sc_main.cpp ./src/VlcMain.cpp ./src/VlcTop.cpp ./src/V3Active.cpp ./src/V3ActiveTop.cpp ./src/V3Assert.cpp ./src/V3AssertPre.cpp ./src/V3Ast.cpp ./src/V3AstNodes.cpp ./src/V3Begin.cpp ./src/V3Branch.cpp ./src/V3Broken.cpp ./src/V3CCtors.cpp ./src/V3CUse.cpp ./src/V3Case.cpp ./src/V3Cast.cpp ./src/V3Class.cpp ./src/V3Clean.cpp ./src/V3Clock.cpp ./src/V3Combine.cpp ./src/V3Common.cpp ./src/V3Config.cpp ./src/V3Const.cpp ./src/V3Coverage.cpp ./src/V3CoverageJoin.cpp ./src/V3Dead.cpp ./src/V3Delayed.cpp ./src/V3Depth.cpp ./src/V3DepthBlock.cpp ./src/V3Descope.cpp ./src/V3Dfg.cpp ./src/V3DfgAstToDfg.cpp ./src/V3DfgCache.cpp ./src/V3DfgDecomposition.cpp ./src/V3DfgDfgToAst.cpp ./src/V3DfgOptimizer.cpp ./src/V3DfgPasses.cpp ./src/V3DfgPeephole.cpp ./src/V3DfgRegularize.cpp ./src/V3DupFinder.cpp ./src/Verilator.cpp ./src/V3EmitCBase.cpp ./src/V3EmitCConstPool.cpp ./src/V3EmitCFunc.cpp ./src/V3EmitCHeaders.cpp ./src/V3EmitCImp.cpp ./src/V3EmitCInlines.cpp ./src/V3EmitCMain.cpp ./src/V3EmitCMake.cpp ./src/V3EmitCModel.cpp ./src/V3EmitCPch.cpp ./src/V3EmitCSyms.cpp ./src/V3EmitMk.cpp ./src/V3EmitV.cpp ./src/V3EmitXml.cpp ./src/V3Error.cpp ./src/V3ExecGraph.cpp ./src/V3Expand.cpp ./src/V3File.cpp ./src/V3FileLine.cpp ./src/V3Force.cpp ./src/V3Fork.cpp ./src/V3Gate.cpp ./src/V3Global.cpp ./src/V3Graph.cpp ./src/V3GraphAcyc.cpp ./src/V3GraphAlg.cpp ./src/V3GraphPathChecker.cpp ./src/V3GraphTest.cpp ./src/V3Hash.cpp ./src/V3Hasher.cpp ./src/V3HierBlock.cpp ./src/V3Inline.cpp ./src/V3Inst.cpp ./src/V3InstrCount.cpp ./src/V3Interface.cpp ./src/V3Param.cpp ./src/V3ParseGrammar.cpp ./src/V3ParseImp.cpp ./src/V3ParseLex.cpp ./src/V3PreProc.cpp ./src/V3PreShell.cpp ./src/V3Premit.cpp ./src/V3ProtectLib.cpp ./src/V3Randomize.cpp ./src/V3Reloop.cpp ./src/V3Sampled.cpp ./src/V3Sched.cpp ./src/V3SchedAcyclic.cpp ./src/V3SchedPartition.cpp ./src/V3SchedReplicate.cpp ./src/V3SchedTiming.cpp ./src/V3SchedVirtIface.cpp ./src/V3Scope.cpp ./src/V3Scoreboard.cpp ./src/V3Slice.cpp ./src/V3Split.cpp ./src/V3SplitAs.cpp ./src/V3SplitVar.cpp ./src/V3StackCount.cpp ./src/V3Stats.cpp ./src/V3StatsReport.cpp ./src/V3String.cpp ./src/V3Subst.cpp ./src/V3TSP.cpp ./src/V3Table.cpp ./src/V3Task.cpp ./src/V3ThreadPool.cpp ./src/V3Timing.cpp ./src/V3Trace.cpp ./src/V3TraceDecl.cpp ./src/V3Tristate.cpp ./src/V3Undriven.cpp ./src/V3Unknown.cpp ./src/V3Unroll.cpp ./src/V3VariableOrder.cpp ./src/V3Waiver.cpp ./src/V3Width.cpp ./src/V3WidthCommit.cpp ./src/V3WidthSel.cpp ./src/V3Life.cpp ./src/V3LifePost.cpp ./src/V3LinkCells.cpp ./src/V3LinkDot.cpp ./src/V3LinkInc.cpp ./src/V3LinkJump.cpp ./src/V3LinkLValue.cpp ./src/V3LinkLevel.cpp ./src/V3LinkParse.cpp ./src/V3LinkResolve.cpp ./src/V3Localize.cpp ./src/V3MergeCond.cpp ./src/V3Name.cpp ./src/V3Number.cpp ./src/V3OptionParser.cpp ./src/V3Options.cpp ./src/V3Order.cpp ./src/V3OrderGraphBuilder.cpp ./src/V3OrderMoveGraph.cpp ./src/V3OrderParallel.cpp ./src/V3OrderProcessDomains.cpp ./src/V3OrderSerial.cpp ./src/V3Os.cpp ./src/V3Param.cpp ./src/V3ParseGrammar.cpp ./src/V3ParseImp.cpp ./src/V3ParseLex.cpp ./src/V3PreProc.cpp ./src/V3PreShell.cpp ./src/V3Premit.cpp ./src/V3ProtectLib.cpp ./src/V3Randomize.cpp ./src/V3Reloop.cpp ./src/V3Sampled.cpp ./src/V3Sched.cpp ./src/V3SchedAcyclic.cpp ./src/V3SchedPartition.cpp ./src/V3SchedReplicate.cpp ./src/V3SchedTiming.cpp ./src/V3SchedVirtIface.cpp ./src/V3Scope.cpp ./src/V3Scoreboard.cpp ./src/V3Slice.cpp ./src/V3Split.cpp ./src/V3SplitAs.cpp ./src/V3SplitVar.cpp ./src/V3StackCount.cpp ./src/V3Stats.cpp ./src/V3StatsReport.cpp ./src/V3String.cpp ./src/V3Subst.cpp ./src/V3TSP.cpp ./src/V3Table.cpp ./src/V3Task.cpp ./src/V3ThreadPool.cpp ./src/V3Timing.cpp ./src/V3Trace.cpp ./src/V3TraceDecl.cpp ./src/V3Tristate.cpp ./src/V3Undriven.cpp ./src/V3Unknown.cpp ./src/V3Unroll.cpp ./src/V3VariableOrder.cpp ./src/V3Waiver.cpp ./src/V3Width.cpp ./src/V3WidthCommit.cpp ./src/V3WidthSel.cpp ./include/verilated.h ./include/verilated_config.h ./include/verilated_cov.h ./include/verilated_cov_key.h ./include/verilated_dpi.h ./include/verilated_fst_c.h ./include/verilated_fst_sc.h ./include/verilated_funcs.h ./include/verilated_imp.h ./include/verilated_intrinsics.h ./include/verilated_profiler.h ./include/verilated_random.h ./include/verilated_save.h ./include/verilated_sc.h ./include/verilated_sc_trace.h ./include/verilated_sym_props.h ./include/verilated_syms.h ./include/verilated_threads.h ./include/verilated_timing.h ./include/verilated_trace.h ./include/verilated_trace_imp.h ./include/verilated_types.h ./include/verilated_vcd_c.h ./include/verilated_vcd_sc.h ./include/verilated_vpi.h ./include/verilatedos.h ./include/verilatedos_c.h ./src/V3Active.h ./src/V3ActiveTop.h ./src/V3Assert.h ./src/V3AssertPre.h ./src/V3Ast.h ./src/V3AstInlines.h ./src/V3AstNodeDType.h ./src/V3AstNodeExpr.h ./src/V3AstNodeOther.h ./src/V3AstUserAllocator.h ./src/V3Begin.h ./src/V3Branch.h ./src/V3Broken.h ./src/V3CCtors.h ./src/V3CUse.h ./src/V3Case.h ./src/V3Cast.h ./src/V3Class.h ./src/V3Clean.h ./src/V3Clock.h ./src/V3Combine.h ./src/V3Common.h ./src/V3Config.h ./src/V3Const.h ./src/V3Coverage.h ./src/V3CoverageJoin.h ./src/V3Dead.h ./src/V3Delayed.h ./src/V3Depth.h ./src/V3DepthBlock.h ./src/V3Descope.h ./src/V3Dfg.h ./src/V3DfgCache.h ./src/V3DfgOptimizer.h ./src/V3DfgPasses.h ./src/V3DfgPatternStats.h ./src/V3DfgPeephole.h ./src/V3DfgVertices.h ./src/V3DupFinder.h ./src/V3EmitC.h ./src/V3EmitCBase.h ./src/V3EmitCConstInit.h ./src/V3EmitCFunc.h ./src/V3EmitCMain.h ./src/V3EmitCMake.h ./src/V3EmitMk.h ./src/V3EmitV.h ./src/V3EmitXml.h ./src/V3Error.h ./src/V3ExecGraph.h ./src/V3Expand.h ./src/V3File.h ./src/V3FileLine.h ./src/V3Force.h ./src/V3Fork.h ./src/V3FunctionTraits.h ./src/V3Gate.h ./src/V3Global.h ./src/V3Graph.h ./src/V3GraphAlg.h ./src/V3GraphPathChecker.h ./src/V3GraphStream.h ./src/V3Hash.h ./src/V3Hasher.h ./src/V3HierBlock.h ./src/V3Inline.h ./src/V3Inst.h ./src/V3InstrCount.h ./src/V3Interface.h ./src/V3LangCode.h ./src/V3LanguageWords.h ./src/V3Life.h ./src/V3LifePost.h ./src/V3LinkCells.h ./src/V3LinkDot.h ./src/V3LinkInc.h ./src/V3LinkJump.h ./src/V3LinkLValue.h ./src/V3LinkLevel.h ./src/V3LinkParse.h ./src/V3LinkResolve.h ./src/V3List.h ./src/V3Localize.h ./src/V3MemberMap.h ./src/V3MergeCond.h ./src/V3Mutex.h ./src/V3Name.h ./src/V3Number.h ./src/V3OptionParser.h ./src/V3Options.h ./src/V3Order.h ./src/V3OrderCFuncEmitter.h ./src/V3OrderGraph.h ./src/V3OrderInternal.h ./src/V3OrderMoveGraph.h ./src/V3Os.h ./src/V3PairingHeap.h ./src/V3Param.h ./src/V3Parse.h ./src/V3ParseImp.h ./src/V3ParseSym.h ./src/V3PchAstMT.h ./src/V3PchAstNoMT.h ./src/V3PreExpr.h ./src/V3PreLex.h ./src/V3PreProc.h ./src/V3PreShell.h ./src/V3Premit.h ./src/V3ProtectLib.h ./src/V3Randomize.h ./src/V3Reloop.h ./src/V3Rtti.h ./src/V3Sampled.h ./src/V3Sched.h ./src/V3Scope.h ./src/V3Scoreboard.h ./src/V3SenExprBuilder.h ./src/V3SenTree.h ./src/V3Simulate.h ./src/V3Slice.h ./src/V3Split.h ./src/V3SplitAs.h ./src/V3SplitVar.h ./src/V3StackCount.h ./src/V3Stats.h ./src/V3StdFuture.h ./src/V3String.h ./src/V3Subst.h ./src/V3SymTable.h ./src/V3TSP.h ./src/V3Table.h ./src/V3Task.h ./src/V3ThreadPool.h ./src/V3Timing.h ./src/V3Trace.h ./src/V3TraceDecl.h ./src/V3Tristate.h ./src/V3Undriven.h ./src/V3UniqueNames.h ./src/V3Unknown.h ./src/V3Unroll.h ./src/V3VariableOrder.h ./src/V3Waiver.h ./src/V3Width.h ./src/V3WidthCommit.h ./src/V3WidthRemove.h ./src/VlcBucket.h ./src/VlcOptions.h ./src/VlcPoint.h ./src/VlcSource.h ./src/VlcTest.h ./src/VlcTop.h ./src/config_build.h ./src/config_package.h ./src/config_rev.h ./src/verilog.y ./src/V3PreLex.l ./src/verilog.l test_regress/t/*.c* test_regress/t/*.h make[1]: Leaving directory '/svaha/wsnyder/SandBox/homecvs/v4/verilator'"
01_scheduling,2024-08-18T20:02:54+03:00,6f3f64e63f4b,5383,"Add --timing flag as Verilated cc define (#5383)"
01_scheduling,2024-08-08T22:12:00+01:00,ec0815e9acc6,5348,"Fix NBAs in suspendables (#5348)"
01_scheduling,2024-08-08T21:57:12+01:00,97e9996f0b7e,5349,"Fix optimized-out sentrees with `--timing` (#5080) (#5349)"
01_scheduling,2024-08-08T21:55:46+01:00,b7af859ba38c,5343,"Fix forks capturing non-input ports in tasks (#5237) (#5343)"
01_scheduling,2024-08-07T18:44:02-04:00,f78c4e8490df,5339,"Fix compilation error on unreachable disable fork / wait fork (#5339)"
01_scheduling,2024-07-24T17:21:14-04:00,87d1c10fa717,5300,"Fix compiler coroutine check (#5190) (#5300)"
01_scheduling,2024-06-12T15:13:52-04:00,320301940804,5175,"Fix coroutines without awaits to have a co_return (#4208) (#5175)"
01_scheduling,2024-06-08T08:33:50-04:00,9ff06c166494,5151,"Fix 'experimental/coroutine' file not found on macOS (#5030) (#5031) (#5151)"
01_scheduling,2024-05-17T07:38:36-04:00,25b9a16bc75b,5123,"Fix references to ports in forks (#5123)"
01_scheduling,2024-05-03T07:45:49-04:00,80b08b71aa96,5092,"Support NBAs to arrays inside loops (#5092)"
01_scheduling,2024-05-02T00:24:00+01:00,3f89bdcfaccb,5091,"Defer conversion of set flag based AssignDlys (#5091)"
01_scheduling,2024-05-01T23:06:25+01:00,d841a791e64a,5090,"Refactor V3Delayed to enable algorithmic extension (#5090)"
01_scheduling,2024-05-01T16:22:56+01:00,b5b937e2f28e,5089,"Fix missed optimization in V3Delayed (#5089)"
01_scheduling,2024-03-20T08:54:23-04:00,88831ca21b97,5007,"Fix preprocessor to respect strings in joins (#5007)"
01_scheduling,2024-03-16T16:32:12+00:00,292cc547687a,4991,"Compute MTask affinity in V3VariableOrder (#4991)"
01_scheduling,2024-03-16T10:35:56+00:00,878204db73d6,4972,"Do not feed any empty logic into scheduling (#4972)"
01_scheduling,2024-02-06T07:27:19-05:00,fe8c7c5a9408,4880,"Fix timing with expr on assign LHS (#4880)"
01_scheduling,2024-01-25T20:33:43-05:00,94460867d37c,4690,"Fix nondeterministic fork/tristate ordering (#4690)."
01_scheduling,2024-01-24T18:48:27-05:00,771cb5f60bae,,"Tests: Fix last commit when no coroutines."
01_scheduling,2024-01-24T17:55:23-05:00,23836ee8d00a,4858,"Document gprof steps better. Add t_prof_timing test to show GCC bug (#4858)."
01_scheduling,2024-01-20T10:57:00-05:00,d595d4c7ac58,,"Tests: Use --binary with some --timing tests"
01_scheduling,2023-12-22T22:57:45+01:00,621de301c755,4778,"Run the `V3Fork` stage only if `--timing` is set (#4778)"
01_scheduling,2023-12-20T18:12:17+01:00,016e630ecfca,4773,"Refine dynamic NBA condition (#4773)"
01_scheduling,2023-12-12T18:11:43+00:00,6012ec8eb71d,,"Put dynamic NBA commit in eval_phase__nba"
01_scheduling,2023-12-04T22:11:07-05:00,ea2084392f6f,4673,"Support --timing triggers for virtual interfaces (#4673)"
01_scheduling,2023-12-02T15:57:38-05:00,fc9b66b07834,,"Tests: Fix t_assigndly_dynamic_notiming_bad to survive new dead code elimination"
01_scheduling,2023-11-20T21:02:10-05:00,4650105d908d,4707,"Fix conflicted namespace for coroutines (#4701) (#4707)"
01_scheduling,2023-11-16T11:21:23+01:00,b8417abee5f1,4696,"Fix dynamic NBAs with automatic vars (#4696)"
01_scheduling,2023-11-11T10:04:10-05:00,9a0254a1187a,4669,"Optimize timing-delayed queue (#4584). (#4669)"
01_scheduling,2023-11-05T16:58:22+00:00,c563175ff009,4668,"Fix scheduling of external force signals (#4668)"
01_scheduling,2023-11-05T11:39:06-05:00,b110c55993b4,4628,"Fix a memory leak in V3Fork (#4628)"
01_scheduling,2023-10-27T15:08:02-04:00,89743aae5da3,4624,"Fix stable name generation in V3Fork (#4615) (#4624)"
01_scheduling,2023-10-20T20:01:45-04:00,7b12f6a1dd37,4572,"Support NBAs in non-inlined functions/tasks (#4496) (#4572)"
01_scheduling,2023-10-20T07:13:57-04:00,83a0085c4d79,4586,"Support `wait fork` (#4586)"
01_scheduling,2023-10-18T16:49:20-04:00,8720841c4870,4583,"Fix to not remap local assign intravals in forks (#4583)"
01_scheduling,2023-10-16T14:02:29+02:00,ad3bcbb1bb0a,4569,"Support `disable fork` (#4125) (#4569)"
01_scheduling,2023-09-19T17:32:42-04:00,a16ea94836f4,4506,"Fix detecting local vars in nested forks (#4493) (#4506)"
01_scheduling,2023-09-10T08:53:21-04:00,b5b278d07223,4471,"Fix fork crash with no init, test for (#4471)"
01_scheduling,2023-09-08T16:40:14+02:00,70b11f91b49c,4455,"Support block_item_declaration in forks (#4455)"
01_scheduling,2023-08-30T17:59:25-04:00,6d5dde864566,4418,"Fix duplicate Vfork functions (#4418)"
01_scheduling,2023-08-30T07:02:55-04:00,b4b74d72f033,4444,"Add prepareClone and atClone APIs for Verilated models (#3503) (#4444)"
01_scheduling,2023-08-29T20:01:00+02:00,c3e19f282179,4356,"Move variables mutated under fork..join_none/join_any blocks into anonymous objects (#4356)"
01_scheduling,2023-08-21T10:22:09-04:00,7c7c92d2ddaf,4431,"Fix coroutine handle movement during queue manipulation (#4431)"
01_scheduling,2023-08-12T10:41:44-04:00,5447ed26293a,4416,"Fix multple function definitions in V3Sched (#4416)."
01_scheduling,2023-07-07T08:19:49-04:00,d5d1cc47e06b,4344,"Fix multiple edge timing controls in class methods (#4318) (#4320) (#4344)"
01_scheduling,2023-07-05T10:36:10+00:00,35d6da391b91,4320,"Fix multiple edge timing controls in class methods (#4318) (#4320)"
01_scheduling,2023-06-23T06:01:38-04:00,1c88c3083c6b,4307,"Fix splitting coroutines (#4297) (#4307)"
01_scheduling,2023-06-22T06:51:53-04:00,4522834f7af7,4295,"Fix duplicate fork names (#4295)"
01_scheduling,2023-06-15T07:49:50-04:00,43fa6858f613,4277,"Fix `VlForkSync` redeclaration (#4277)"
01_scheduling,2023-06-14T20:44:53+02:00,21c01ba97b3a,4253,"V3Fork - transform processes that can outlive their parents into separate tasks (#4253)"
01_scheduling,2023-06-12T20:09:12-04:00,3a9eeabdb2e0,,"Tests: Auto detect and exit --timing with no coroutines"
01_scheduling,2023-06-06T09:35:12-04:00,058233fc87d4,4274,"Set the global `usesTiming` flag if forks exist (#4274)"
01_scheduling,2023-05-30T09:00:10-04:00,77502aeb9733,4238,"Add warning that timing controls in DPI exports are unsupported (#4238)"
01_scheduling,2023-05-25T20:20:44-04:00,519792d02b47,4229,"Fix to commit coroutines immediately on `wait` statements (#4229)"
01_scheduling,2023-05-23T14:02:40-04:00,fb0d735f6842,4217,"Tests: Skip t_suspendable_deep if coroutines are not supported by CXX toolchain (#4217)"
01_scheduling,2023-05-23T09:01:57-04:00,167a30be1cc4,4216,"Fix deep traversal of class inheritance timing (#4216)"
01_scheduling,2023-05-13T10:32:33-04:00,949be301ded6,4193,"Internals: Fix unbalanced V3LockGuard locking (#4193)"
01_scheduling,2023-05-04T15:27:45+02:00,76c5875912af,4169,"Fix marking overridden methods as coroutines (#4120) (#4169)"
01_scheduling,2023-04-06T10:31:52-04:00,cdb61842d6d8,4089,"Internals: Remove `VlNow` (#4089)"
01_scheduling,2023-03-21T10:39:29-04:00,277bd67f721a,4050,"Fix NBAs inside fork-joins (#4050)"
01_scheduling,2023-03-21T13:50:53+01:00,5de8ccbf321f,4055,"Fix task calls as fork statements (#4055)"
01_scheduling,2023-02-27T21:42:22-05:00,a3ff375ce785,3982,"Fix timing delays to not truncate below 64 bits (#3973) (#3982)"
01_scheduling,2023-01-01T15:31:29+00:00,fd52f7f47933,,"Fix memory leak in V3Sched."
01_scheduling,2022-12-11T14:44:18-05:00,0a3c90e51741,3766,"Fix forked processes compiled as slow/cold (#3766)"
01_scheduling,2022-12-06T07:16:07-05:00,4b6e15d0eb3a,3800,"Fix non-blocking assignments in forks (#3781) (#3800)"
01_scheduling,2022-12-06T07:14:29-05:00,87bb32fde157,3801,"Fix forks without any delayed statements (#3792) (#3801)"
01_scheduling,2022-11-21T06:27:55-05:00,62bdd3ab497a,3769,"Fix timing control in while-break loops (#3733) (#3769)"
01_scheduling,2022-10-22T14:05:39+00:00,fcf0d03cd4cb,3599,"Dynamic triggers for non-static contexts (#3599)"
01_scheduling,2022-10-21T16:56:44-04:00,785c51dd0b9e,3701,"Fix emitting timing debug info with `--protect-ids` (#3689) (#3701)"
01_scheduling,2022-10-20T19:54:22-04:00,444a4a760cbd,3698,"Support timing with more Clang and libc++ versions (#3669) (#3698)"
01_scheduling,2022-10-20T06:28:55-04:00,e6add5e0b817,3696,"Fix trace activity with --timing (#3576) (#3678) (#3696)"
01_scheduling,2022-10-17T18:18:56-04:00,22ce36012e34,3684,"Add VERILATOR_TIMING define (#3684)"
01_scheduling,2022-10-17T12:36:37+02:00,5e796529221c,3656,"Test tracing with `--timing` and `--main` (#3656)"
01_scheduling,2022-10-06T15:38:59+02:00,97add4d57a49,3658,"Fix null access on optimized-out fork statements (#3658)"
01_scheduling,2022-10-05T18:16:05-04:00,1a8188e1b4af,3657,"Fix linker errors in user-facing timing functions (#3657)"
01_scheduling,2022-10-03T11:40:30-04:00,56ac054fb2e9,3653,"Internals: Refactor verilated_timing.* (#3653)."
01_scheduling,2022-09-28T19:02:23-04:00,cd2a5771b845,3625,"Add --timing to --binary (#3625)."
01_scheduling,2022-09-28T18:54:18-04:00,9c2ead90d5d8,3595,"Add custom memory management for verilated classes (#3595)"
01_scheduling,2022-09-23T16:46:22+01:00,47bce4157dac,3527,"Introduce DFG based combinational logic optimizer (#3527)"
01_scheduling,2022-09-06T16:01:13+01:00,90ab746a42e8,,"Make it possible to parallelize ico and act scheduling sections"
01_scheduling,2022-09-05T15:19:19+01:00,a2e1b32a1c58,3594,"Fix inlining of forks (#3594)"
01_scheduling,2022-09-05T11:27:24+01:00,da7ad35577e2,3593,"Fix fork debug output (#3593)"
01_scheduling,2022-09-01T16:29:40+01:00,875361d7cee7,3587,"V3Partition: Reduce working set size of PartContraction (#3587)"
01_scheduling,2022-08-26T05:11:44-05:00,2af53048845b,3579,"Fix tracing of slow coroutines (#3576 part) (#3579)"
01_scheduling,2022-08-22T13:26:32+01:00,39af5d020e69,3363,"Timing support (#3363)"
01_scheduling,2022-08-20T21:18:50+01:00,9ac64d0b929c,,"Improve performance of MTask coarsening"
01_scheduling,2022-08-19T16:59:20+01:00,83475008d94a,,"Improve performance of MTask coarsening"
01_scheduling,2022-08-19T14:06:11+01:00,03ac7ad73033,,"Make PartPropagateCp specific to the MTask graph"
01_scheduling,2022-08-19T14:06:11+01:00,cd50949a7e14,,"Reuse MTaskEdge instances in MT scheduling"
01_scheduling,2022-08-19T14:06:11+01:00,f0040c7b9a9a,,"Remove reliance on pointer comparison in MT scheduling"
01_scheduling,2022-08-19T14:06:11+01:00,f8a0389e737c,,"Do not use stepCost when gathering sibling merge candidates"
01_scheduling,2022-07-21T17:43:03+01:00,31abe537a0c3,,"Fix DPI export trigger sensitivity in 'nba'"
01_scheduling,2022-07-14T16:06:15+01:00,3f19ba15549c,,"Improve handling of extra trigges in V3Sched."
01_scheduling,2022-07-14T15:35:49+01:00,6a7bda691007,,"Correctly schedule combinational logic driven from DPI exports."
01_scheduling,2022-05-27T16:57:51+01:00,0722f4753911,3125,"Improve V3MergeCond by reordering statements (#3125)"
01_scheduling,2022-05-25T20:32:32+01:00,3af5e7e8da96,,"Remove scope pointer from OrderEitherVertex."
01_scheduling,2022-05-17T19:19:44+01:00,9edccfdffa3e,3427,"Initial support for intra-assignment timing controls, net delays (#3427)"
01_scheduling,2022-05-17T09:19:51-04:00,67bb2c640ef4,3430,"Tests: Rename t_timing_clkgen to t_timing_clkgen1 (#3430)"
01_scheduling,2022-05-16T20:44:41+01:00,ecaa07a72a17,3425,"Rename AstTimingControl to AstEventControl (#3425)"
01_scheduling,2022-05-15T16:03:32+01:00,599d23697dab,3384,"IEEE compliant scheduler (#3384)"
01_scheduling,2022-04-29T17:05:44+01:00,49c90ecbce45,,"Issue consistent INITIALDLY/COMBDLY/BLKSEQ warnings"
01_scheduling,2021-07-06T07:06:00-04:00,fd0446f48143,3048,"Internals: Add .dot graph visualization of ThreadSchedule (#3048)"
01_scheduling,2021-06-16T14:24:25+01:00,6c332a2f8eec,,"Emit: Remove emitVarCmtChg"
01_scheduling,2021-03-17T18:59:45-04:00,96f9f8558bd4,,"Mark --no-relative-cfuncs as scheduled for deprecation."
01_scheduling,2020-12-12T23:07:12+09:00,c80ca8d03e14,2693,"Test: Use non-blocking assignment as DRIVE macro does in t_prot_lib (#2693)"
01_scheduling,2020-08-23T08:56:35-04:00,132cc1d068d8,,"Parser: Move timing control unsupported message"
01_scheduling,2020-08-22T20:04:02-04:00,8455ee709164,,"Optimize one-statement fork/join into begin"
01_scheduling,2020-06-29T20:22:39-04:00,ad55564905cd,,"Parser: Move disable fork and wait fork down into elaborate stage"
01_scheduling,2020-06-08T20:36:22-04:00,541f983dba7f,,"Merge tests from issue-2409-timing (but disabled mostly)"
01_scheduling,2020-05-19T14:31:13-04:00,accf5a9a17f7,2343,"Check if Parallel::Forker is new enough (#2343)"
01_scheduling,2020-05-10T15:01:43-04:00,8998ffc4e56a,,"Support reporting some fork syntax errors."
01_scheduling,2020-04-22T21:31:40-04:00,7176aee85230,,"Internals: Parse fork and delays, but then still report unsupported."
01_scheduling,2020-04-21T23:49:07+01:00,c52f3349d1e4,2269,"Initial implementation of generic multithreaded tracing (#2269)"
02_oop,2026-04-29T17:07:27-04:00,4befec4463d8,7510,"Support rand_mode() on static rand class members (#7484) (#7510)"
02_oop,2026-04-28T15:25:37-04:00,93c594e18a5d,7495,"Fix mailbox#(packed_struct) type mismatch with parameterized class (#7494) (#7495)"
02_oop,2026-04-12T20:38:27-04:00,14e2f834e9b2,7006,"Fix parameterized class typedef as interface type parameter (#7000) (#7006)"
02_oop,2026-04-11T07:49:45-04:00,dc33e8bb1804,7387,"Fix for Returning an object of the wrong type from a static function of a parameterized class (#5479) (#7387)"
02_oop,2026-04-10T12:17:06-04:00,a8f62703ab09,7405,"Fix virtual class inheritance (#7403) (#7405)"
02_oop,2026-03-24T17:25:40-07:00,24918b83be7d,7319,"Fix typedef scope resolution for parameterized class aliases (#5977) (#7319)"
02_oop,2026-03-20T10:25:46-04:00,b71abb003207,7293,"Fix `local::` false error in randomize() with on parameterized class (#6680) (#7293)`"
02_oop,2026-03-16T16:36:48-04:00,bf792f1809dd,7263,"Fix array reduction in constraints crashing with class inheritance (#7226) (#7263)"
02_oop,2026-03-06T16:23:02-05:00,bef5c1f4754b,7208,"Fix static function not found from parameterized extends class (#7204) (#7208)"
02_oop,2026-03-05T18:04:22-05:00,c2d65c2e137b,7195,"* Fix class extend references between queues (#7195)."
02_oop,2026-03-02T05:59:00-05:00,8a413b3ec798,7169,"Fix std::randomize() in static function with static class members (#7167) (#7169)"
02_oop,2026-02-22T09:22:37-05:00,79e1f3317321,7109,"Fix new <obj> shallow copy not preserving polymorphic runtime type (#7105) (#7109)"
02_oop,2026-02-16T22:43:57-05:00,4357aee09a8e,7066,"Fix randomize() on null object handle crashing instead of returning 0 (#7059) (#7066)"
02_oop,2026-02-13T07:45:13-05:00,64511d30b606,7070,"Internals: Fix marking `AstVar`s as class members (#7070)"
02_oop,2026-02-01T22:37:29-05:00,b2fa3fb54ec1,6984,"Fix parameterized class typedef as interface type parameter (#6983) (#6984)"
02_oop,2026-01-23T22:00:43-05:00,567fba369531,6946,"Fix null pointer dereference in class member trigger expressions (#6946)"
02_oop,2025-12-19T12:57:15-05:00,3ceac0b37e19,6834,"Fix  parameterized class module parameters (#6754) (#6834)"
02_oop,2025-12-17T08:08:44-05:00,6f43ad860768,6813,"Fix type deduction for variable parameterized classes (#6281) (#6813)"
02_oop,2025-12-12T04:17:08-08:00,2995748d46e9,6802,"Fix parameterized class function (#6659) (#6802)"
02_oop,2025-12-09T19:22:59-05:00,075d624b291e,6784,"Add SUPERNFIRST error on super.new on non-first statement (#6784)."
02_oop,2025-12-08T20:26:53-05:00,a3f913c5b13e,,"Fix randomize call in parameterized class"
02_oop,2025-12-08T20:11:28-05:00,29ae520e69c2,6768,"Fix class param static not found again error (#6768)."
02_oop,2025-12-07T15:26:52-05:00,ae480c5f7656,,"Fix enum item references in class extends with parameters."
02_oop,2025-12-07T13:38:25-05:00,ba9d6df20c20,6773,"Fix class-in-class extends with parameters (#6773)."
02_oop,2025-12-06T18:08:51-05:00,0e03ab2a57f8,6772,"Fix crash when super.new() called without a base class (#6772)"
02_oop,2025-11-16T21:00:13-05:00,e61012e30de0,,"Improve class extends error format"
02_oop,2025-09-26T20:50:47-04:00,1761622e1419,4013,"Fix unused parameterized class causing internal error (#4013)."
02_oop,2025-09-14T23:52:48-04:00,39a9a00299af,,"Fix external function declarations with class typedef references (#6433 expanded)."
02_oop,2025-09-14T21:53:13-04:00,218af5500b3c,6433,"Fix external function declarations with class typedef references (#6433)."
02_oop,2025-09-03T17:34:55+01:00,a49334f3e42e,6363,"Internals: Move Dfg CSE into separate source file (#6363)"
02_oop,2025-08-19T22:02:10+01:00,a0edd4e907da,6311,"Internals: Improve cppcheck flow and fix up issues (#6311)"
02_oop,2025-07-11T13:10:36-04:00,0982260d3b27,6070,"Fix constructor parameters in inheritance hierarchies (#6036) (#6070)"
02_oop,2025-07-10T21:11:09-04:00,4e8a8a039881,6171,"Fix param-dependent class typedef linking (#6171)"
02_oop,2025-07-10T04:59:05-04:00,31c279a7b3e6,6161,"Support randomize() on class member selects (#6161)"
02_oop,2025-07-09T17:12:11-04:00,dbfbc657e16f,6162,"Fix class extends dotted error (#6162)"
02_oop,2025-06-10T12:03:26-04:00,58ea7ad3613a,6080,"Fix class typedef elaboration (#6080)"
02_oop,2025-06-07T17:20:48-04:00,5b2dc5268145,5997,"Fix array bounds checking with class member selects (#5996) (#5997)."
02_oop,2025-04-08T22:09:40-04:00,7c2b1971a4a5,,"Support class extends with arguments."
02_oop,2024-12-13T09:32:47-05:00,a8e06874bd1b,5676,"Fix `randomize..with` of parameterized classes (#5676)"
02_oop,2024-11-10T19:34:00-05:00,15d1751b2309,,"Internals: Defer `class extends` resolution until link"
02_oop,2024-11-10T16:43:21-05:00,75e9986d3978,,"Fix local:: mis-allowed in `class extends`"
02_oop,2024-11-08T06:53:43-05:00,6083480abbc9,5594,"Fix `rand` dynamic arrays with null handles (#5594)"
02_oop,2024-09-30T21:34:34-04:00,1a31aa5d628f,5459,"Internals: Fix annotation checker not considering base class virtual function annotations (#5459)"
02_oop,2024-07-17T08:21:45+02:00,2a30a87580ae,5268,"Fix randomization when used with inheritance (#5268)"
02_oop,2024-03-27T20:07:46-04:00,28b9216f8a49,5014,"Fix tracing class parameters (#5014)."
02_oop,2024-03-11T18:56:30-04:00,4a439beae5cc,4961,"Add error on missing pure virtual functions (#4961)."
02_oop,2024-01-11T20:19:48-05:00,fcdd8e5da6f9,,"Fix missing includes with multiple inheritance (#3819 partial)"
02_oop,2023-12-08T07:13:38-05:00,b60117c7137b,4747,"Fix typedefs pointing to parameterized classes (#4747)"
02_oop,2023-10-24T15:51:46+02:00,84125d7c9244,4616,"Fix virtual methods (#4616)"
02_oop,2023-09-14T20:07:49-04:00,6e589377f4ff,4466,"Fix reference to extended class in parameterized class (#4466)."
02_oop,2023-08-26T12:06:26-01:00,63db60f64618,4440,"Fix using type in parameterized classes without #() (#4281) (#4440)"
02_oop,2023-07-17T13:30:42+02:00,4de1b226721f,4366,"Fix handling of super.new calls (#4366)"
02_oop,2023-06-03T06:40:23-07:00,45f064f7cbc1,4267,"Fix missing assignment for wide class members. (#4267)"
02_oop,2023-05-24T15:51:03+02:00,4f7e155e59ef,4219,"Fix class parameters of enum types (#4219)"
02_oop,2023-05-23T09:01:57-04:00,167a30be1cc4,4216,"Fix deep traversal of class inheritance timing (#4216)"
02_oop,2023-05-18T20:01:36-04:00,9da3aacd08f7,4210,"Fix bit selections under parameterized classes (#4210)"
02_oop,2023-05-17T17:09:33+00:00,729f8b9334ce,4208,"Move suspendable detection to a separate visitor (#4208)"
02_oop,2023-05-16T07:40:02-04:00,279216048b33,4206,"Fix dotted references in parameterized classes (#4206)"
02_oop,2023-05-11T09:56:15+02:00,0198a3fc5298,4179,"Use unchanged copy of parameterized class for instantation (#4179)"
02_oop,2023-05-10T18:34:29-04:00,2267db093fc1,4182,"Fix hashes of instances of parameterized classes (#4182)"
02_oop,2023-05-07T16:47:34-04:00,444020f7c763,4147,"Fix super.new missing data type (#4147)."
02_oop,2023-05-04T15:27:45+02:00,76c5875912af,4169,"Fix marking overridden methods as coroutines (#4120) (#4169)"
02_oop,2023-05-04T15:09:01+02:00,266dc7679a6c,4170,"Don't link AstRefDType if it has parameterized class ref (#4164) (#4170)"
02_oop,2023-04-28T07:20:25-04:00,09e856d2f372,4150,"Fix deleting unused parameterized classes (#4150)"
02_oop,2023-04-24T17:25:53-04:00,ee5c0a29024d,4146,"Support  parameterized class references in extends statement (#4146)"
02_oop,2023-04-20T07:11:35-04:00,84a46939b348,4136,"Fix class extend param references (#4136)"
02_oop,2023-04-17T09:08:57-03:00,a10b51705f8e,4128,"Fix class param extends A=B (#4128)"
02_oop,2023-03-27T10:46:51-04:00,0b96789e6579,4072,"Add error on static access to non-static class member (#4072)"
02_oop,2023-03-18T17:26:36-04:00,2b21697b868a,,"Support class extends of package::class."
02_oop,2023-03-18T12:23:17-04:00,82e653a73916,,"Internals: Avoid emit inheritance in V3EmitCBase. No functional change intended."
02_oop,2023-02-17T11:17:35-05:00,45f955f17533,3962,"Fix self references to parameterized classes (#3962)"
02_oop,2023-02-14T21:23:55-05:00,c82a098f2eee,,"Internals: Parse class extends ::"
02_oop,2023-02-13T22:06:52-05:00,f8b0e359b95a,,"Support class parameters without initial values."
02_oop,2023-02-02T17:59:47-05:00,33468fa0e7f3,3926,"Fix class extend parameter dot case (#3926)"
02_oop,2023-01-25T20:33:18-05:00,91c44d7830a3,3904,"Support class extending its parameter (#3904)"
02_oop,2022-11-30T07:41:57-05:00,355c4f76d08c,3789,"Add error when super.new is not first statement (#3789)"
02_oop,2022-11-30T06:42:48-05:00,073dc03adc78,3789,"Support super.new calls (#3789)"
02_oop,2022-08-31T16:52:05+01:00,ebbe24966c76,,"Remove unnecessary virtual methods"
02_oop,2022-08-28T10:24:55-04:00,0a3a15a66ee4,3541,"Support class parameters (#2231) (#3541)"
02_oop,2022-01-02T15:03:57-05:00,f1bb0544bed9,,"Internals: Cleanups towards static class members. No functional change intended."
02_oop,2022-01-02T12:35:44-05:00,e334740dd68f,,"Add AstInitialAutomatic as prep for static class members"
02_oop,2022-01-01T12:50:43-05:00,f96d336b9733,,"Internals: Pre-elaboration progress towards class parameters."
02_oop,2021-03-17T18:25:54-04:00,c20bced48587,2839,"Fix --output-split with class extends (#2839)."
02_oop,2021-03-11T19:22:19-05:00,29ed866061f9,2753,"Fix range inheritance on port without data type (#2753)."
02_oop,2021-02-24T18:21:13-05:00,c95e606c0a83,2753,"Fix range inheritance on port without data type (#2753)."
02_oop,2021-02-13T17:29:34-05:00,20b3f0efa0c0,2775,"Fix class extends with VM_PARALLEL_BUILDS (#2775)."
02_oop,2020-11-27T22:48:42-05:00,1299b70945ef,,"Internals: Pass class parameters through link."
02_oop,2020-11-24T18:15:49-05:00,35374f09b4ac,,"Add error on class extending itself"
02_oop,2020-10-16T18:25:32-04:00,4849c0530b80,,"Fix class extends with typedef."
02_oop,2020-09-07T17:26:53-04:00,30f377413477,,"Support const object new() assignments."
02_oop,2020-08-29T12:56:43-04:00,ba5779c69e03,2525,"Fix queues as class members (#2525)."
02_oop,2020-08-23T20:00:39-04:00,3d073c9534d9,,"Fix class extends to use virtual destruction"
02_oop,2020-08-23T19:37:56-04:00,20206b1e2ea2,,"Support simple class extends."
02_oop,2020-07-11T18:39:01-04:00,9e5cd463e52b,,"Parser: Move class parameter unsupported messages down out of parser"
02_oop,2020-06-09T20:59:45-04:00,cef56c6fca5a,,"Support --bbox-unsup parsing of class extend typedefs"
02_oop,2020-06-06T10:06:32-04:00,f083805ab5fa,,"Support --bbox-unsup parsing of parameterized classes"
02_oop,2020-04-19T18:36:55-04:00,9164eb03d557,,"Show that class parameters even if unused are unsupported."
02_oop,2020-04-18T20:20:17-04:00,466535abdcaf,,"Support direct class member init."
02_oop,2020-04-10T21:10:21-04:00,1a6c2fc55d20,,"Fix class members getting misoptimized away."
02_oop,2020-01-25T15:29:44-05:00,ef5250f0ca6f,,"Internals: Further performance improvement of AstNode type tests, #2138. No functional change intended."
02_oop,2019-12-24T12:47:27-05:00,f540dead799a,,"Internals: new() support code, and misc stuff."
03_random,2026-04-29T17:07:27-04:00,4befec4463d8,7510,"Support rand_mode() on static rand class members (#7484) (#7510)"
03_random,2026-04-28T15:31:08-04:00,76c1b26e3bb6,7509,"Support `obj.randomize(null)` (#7487) (#7509)"
03_random,2026-04-28T06:10:53-04:00,327fc4ffbea9,7507,"Support randomize() with (identifier_list) {constraint_block} (#7486) (#7507)"
03_random,2026-04-26T06:24:40-04:00,982b9ee2198b,7499,"Fix std::randomize internal error on static member of different class (#7498) (#7499)"
03_random,2026-04-23T11:16:24-04:00,27e7fdc9eb2a,7481,"Fix std::randomize inside {typedef array} internal error (#7481)"
03_random,2026-04-23T10:47:39-04:00,ae642facf5fb,7480,"Fix function-in-constraint internal error on bare port VarRef return (#7473) (#7480)"
03_random,2026-04-23T10:50:23+02:00,cfebe805c90f,7448,"Support implication operator with constraint_set (#7300) (#7448)"
03_random,2026-04-21T17:37:58+02:00,280cff06f31f,7456,"Fix std::randomize `inside` corrupting class-member queue operand (#7449) (#7456)"
03_random,2026-04-19T08:03:19+02:00,29a93fe5bcc3,7442,"Fix internal error on `dist` under implication operator in constraints (#7440) (#7442)"
03_random,2026-04-16T11:02:22-04:00,72952fd3fba5,7434,"Fix inline constraint on array-indexed randomize target (#7431) (#7434)"
03_random,2026-04-14T16:47:24-04:00,38b7734530ac,7383,"Fix subclass with rand_mode(0) getting randomized (#7376) (#7383)"
03_random,2026-04-14T07:17:53-04:00,9eb2ba4c5488,7422,"Support 2**n expressions in constraint randomization (#7422)"
03_random,2026-04-13T11:34:17-04:00,83b2061a358a,7416,"Fix std::randomize treated as this.randomize in parameterized-derived class (#7409) (#7416)"
03_random,2026-04-04T21:03:44-04:00,9f4546fcb9ae,7375,"Fix constraint 'with' in parameter classes (#7375)"
03_random,2026-03-20T10:25:46-04:00,b71abb003207,7293,"Fix `local::` false error in randomize() with on parameterized class (#6680) (#7293)`"
03_random,2026-03-18T10:15:50+01:00,4b34bfffcb88,7271,"Fix soft constraint relaxation dropping compatible constraints (#7271)"
03_random,2026-03-17T15:09:14-04:00,892576207785,7272,"Fix rand_mode(0) on sub-object members not preventing solver write-back (#7272)"
03_random,2026-03-16T18:48:36-04:00,d57324e5fbbd,7266,"Support dynamic array .size in inline randomize() with constraints (#7258) (#7266)"
03_random,2026-03-16T18:48:09-04:00,be0f4a507e42,7265,"Fix shift width mismatch in constraint solver SMT emission (#5420) (#7265)"
03_random,2026-03-16T16:36:48-04:00,bf792f1809dd,7263,"Fix array reduction in constraints crashing with class inheritance (#7226) (#7263)"
03_random,2026-03-13T11:05:18-04:00,7cd49a802821,7253,"Support dist and solve...before inside foreach constraints (#7245) (#7253)"
03_random,2026-03-13T07:53:51-04:00,e0f1f316aa2e,7248," Fix randc solver hang with wide variables (#7068) (#7248)"
03_random,2026-03-12T10:12:53-04:00,c74eee5123e7,7247,"Fix rand variable used as array index in constraint evaluated as constant (#7238) (#7247)"
03_random,2026-03-11T07:21:40-04:00,f351882cf0fc,7235,"Fix enum range constraints missing for rand variables in sub-objects (#7230) (#7235)"
03_random,2026-03-11T06:51:32-04:00,cd8818ca23df,7225,"Fix randomize size+element queue constraints (#5582) (#7225)"
03_random,2026-03-10T19:03:18-04:00,5bf1d060c951,7234,"Fix internal error when derived class calls this.randomize() with inherited rand members (#7229) (#7234)"
03_random,2026-03-10T19:02:15-04:00,3ba907772632,7233,"Fix soft cross-object constraint priority inversion (#7228) (#7233)"
03_random,2026-03-10T07:06:00+00:00,2046879beb8b,7224,"V3Randomize: Fix dist operator inside ConstraintIf blocks (#7221) (#7224)"
03_random,2026-03-06T05:14:55-05:00,efa53189ea40,7198,"Support constraint `with` item.index array reduction (#7198)"
03_random,2026-03-04T12:01:35-05:00,9a5c1d27c84a,6999,"Support array reduction methods with 'with' clause in constraints (#6455) (#6999)"
03_random,2026-03-03T11:23:14-05:00,3bc73cc7683a,7168,"Support constraint imperfect distributions (#6811) (#7168)"
03_random,2026-03-03T06:27:31-05:00,ed84f3adb2f0,7183,"Support constraints on fixed-size array of class object members (#7170) (#7183)"
03_random,2026-03-02T05:59:00-05:00,8a413b3ec798,7169,"Fix std::randomize() in static function with static class members (#7167) (#7169)"
03_random,2026-03-01T15:16:55-05:00,108d209bd7be,7166,"Support soft constraint solving with last-wins priority (#7124) (#7166)"
03_random,2026-02-28T09:53:05-05:00,df6b808c496a,7140,"Fix parameters inside std::randomize `with` clause  (#7140)"
03_random,2026-02-24T14:45:57-05:00,e976424efaab,,"Internals: Add nodist/verilog_format"
03_random,2026-02-22T11:33:18-05:00,1717df02611a,7123,"Support solve..before constraints (#5647) (#7123)"
03_random,2026-02-22T09:23:02-05:00,443678d8c425,7108,"Support array reduction methods without 'with' clause in constraints for dynamic arrays (#7104) (#7108)"
03_random,2026-02-20T19:39:20-05:00,67cc65e6f335,7115,"Fix randomize of real (#7115)."
03_random,2026-02-20T10:54:02-05:00,f25a85ea574b,7112,"Fix associative array size() constraint generating invalid resize() call (#7103) (#7112)"
03_random,2026-02-20T10:53:34-05:00,e0edb49f7a8c,7113,"Support 'this' keyword inside inline randomize() with {} constraint blocks (#7102) (#7113)"
03_random,2026-02-19T15:37:55+05:30,0e26b049ea0b,7083,"Support function calls with random arguments in constraints (#7061) (#7083)"
03_random,2026-02-17T11:40:15-05:00,5d0352ab46b8,7087,"Fix conditional expressions in constraints (#7087)"
03_random,2026-02-16T22:44:38-05:00,ed3aa43657c9,7065,"Fix enum variables in constraint solver producing invalid enum values (#7058) (#7065)"
03_random,2026-02-16T22:43:57-05:00,4357aee09a8e,7066,"Fix randomize() on null object handle crashing instead of returning 0 (#7059) (#7066)"
03_random,2026-02-16T19:46:46-05:00,994ef82e76ed,7064,"Support unique constraint on explicit array element subsets (#7057) (#7064)"
03_random,2026-02-16T19:43:59-05:00,7fc428f51891,7026,"Fix randomize() null pointer dereference (#7026)"
03_random,2026-02-16T06:01:24-05:00,821eacebea86,7073,"Support power expressions with constant exponent in constraints (#7073)"
03_random,2026-02-12T10:58:04-05:00,9b1b9a5b3b7f,7035,"Fix randc cyclic behavior broken with constraints (#7029) (#7035)"
03_random,2026-02-11T09:33:57-08:00,e41436bd4abc,7053,"Support inherited and nested pre/post_randomize callbacks (#7049) (#7053)"
03_random,2026-02-11T09:33:09-08:00,554fcef6272a,7055,"Fix rand_mode()/constraint_mode() when used as function arguments (#7051) (#7055)"
03_random,2026-02-11T09:32:08-08:00,996a4b6e1a5a,7054,"Fix constraint_mode()/rand_mode() in constructor being overwritten by init code (#7054)"
03_random,2026-02-11T05:19:25-08:00,84350859e07d,7036,"Support System Functions in Constraint Blocks (#7028) (#7036)"
03_random,2026-02-11T05:18:24-08:00,5d12ae3a2f64,7033,"Fix non-member identifiers used inside constraints (#7033)"
03_random,2026-02-10T18:24:25-08:00,22dc437dbb78,7044,"Support std::randomize() for queue, dynamic array, and associative array variables (#7044)"
03_random,2026-02-10T15:22:31-08:00,2bb807a931e8,7037,"Fix Inline foreach constraints on dynamic arrays of class objects (#7030) (#7037)"
03_random,2026-02-10T13:59:09-05:00,925543676e58,7034,"Fix rand_mode() on nested object variables causes Z3 solver error (#7031) (#7034)"
03_random,2026-02-10T13:58:35-05:00,8791e6c5f2dc,7038,"Support constraint_mode() on static constraints (#7027) (#7038)"
03_random,2026-02-09T09:56:38-05:00,a660fa54a703,7022,"Fix unique constraint in derived class (#7022)"
03_random,2026-02-06T10:14:54-05:00,9a8538fafa49,7008,"Support signed multiplication in constraints (#7008)"
03_random,2026-02-03T19:51:23-05:00,aaa5c5e857d1,,"Tests: t_dist_warn_coverage.py: Understand wildcards (#6994 comment)"
03_random,2026-02-01T05:09:19+00:00,f0afcede1060,6974,"Internals: Use pure expressions in V3Randomize (#6974)"
03_random,2026-01-28T07:33:16-05:00,30e6cd9092e5,6960,"Fix accessing non-rand struct member in constraints (#6960)"
03_random,2026-01-20T07:14:11-05:00,c4dcdeab9a95,6934,"Add parsing of solve-before inside foreach (#6934)"
03_random,2026-01-16T08:42:09-05:00,6fc9089a7765,6878,"Support `unique` constraints (on 1D static arrays) (#6810) (#6878)"
03_random,2026-01-12T15:53:49+01:00,31f8be0b85c8,6883,"Support detailed failure info for constraint violations (#6617) (#6883)"
03_random,2026-01-10T04:08:08-05:00,bc5b12015642,,"Tests: Add include warnings to t_dist_warn_coverage"
03_random,2026-01-08T09:02:28-05:00,97d5844f2ea6,6896,"Support dynamic array elements in std::randomize (#6896)"
03_random,2026-01-05T22:55:53-05:00,5efea48358ea,,"Tests: Apply t_dist_warn_coverage on include"
03_random,2026-01-05T14:37:36-05:00,72a6da5ac8ef,6860,"Support complex expressions as std::randomize arguments (#6860)"
03_random,2025-12-21T19:56:55-05:00,f6b966ed164a,6852,"Fix `randc` on extended class (#6852)."
03_random,2025-12-21T16:15:33-05:00,ef5ca74e943b,,"Tests: Better handle multiline statements in t_dist_warn_coverage"
03_random,2025-12-20T21:25:01-05:00,ffa87540cc31,6843,"Fix randcase under fork (#6843)."
03_random,2025-12-19T12:37:20-05:00,5244766b7b2b,6840,"Support reduction or in constraints (#6840)"
03_random,2025-12-12T02:59:01-08:00,0901c91b45f1,6801,"Tests: Fix t_dist_attributes_bad (#6801)"
03_random,2025-12-11T14:16:34-05:00,f097e8a34e9b,6797,"Fix write variable placement for global constraints (#6740) (#6750) (#6797)"
03_random,2025-12-08T20:26:53-05:00,a3f913c5b13e,,"Fix randomize call in parameterized class"
03_random,2025-12-07T14:14:48-05:00,8130fed77769,6467,"Fix pre/post_randomize on extended classes (#6467)."
03_random,2025-12-04T07:18:07-05:00,1fc86fd2f13b,6753,"Fix randomize called within func/task (#6144) (#6753)"
03_random,2025-12-04T07:16:03-05:00,22cd9bcadc47,6752,"Support rand_mode in global constraint gathering (#6740) (#6752)"
03_random,2025-12-01T16:26:16-05:00,e25c66de0781,6737,"Support complex std::randomize patterns (#6736) (#6737)"
03_random,2025-11-26T15:50:24+03:00,f4654a451bc2,6719,"Support array reference arguments into 'std::randomize()' (#6384) (#6719)"
03_random,2025-11-23T17:14:19-05:00,840c8f578228,,"Internals: Auto-set useRandimizeMethods if new a AstRandCase. No functional change"
03_random,2025-11-21T07:07:50-05:00,98d0eac14905,6718,"Fix of deleting linked node in V3Randomize (#6718)"
03_random,2025-11-19T11:08:42-05:00,00988aed70d0,6711,"Support General Global Constraints (#6709) (#6711)"
03_random,2025-11-14T14:32:01-05:00,048c97f0ae56,6573,"Support `std::randomize(){...}` (#4706) (#6573)"
03_random,2025-11-05T07:14:03-05:00,0853aa751527,6552,"Support basic global constraints (#6551) (#6552)"
03_random,2025-11-04T08:28:42-05:00,8eed4e32bae4,6634,"Support this.randomize() with constraints (#6634)"
03_random,2025-10-27T19:16:53-04:00,f9adc3461d0c,,"Tests: Fix coverage holes from t_dist_docs_options"
03_random,2025-10-25T11:00:25-04:00,68b227065ed5,,"Tests: Fix coverage holes from t_dist_docs_options"
03_random,2025-10-25T10:53:24-04:00,dd76a5b8ba67,,"Add t_dist_docs_options checks, and fix related docs and coverage issues"
03_random,2025-10-25T10:53:24-04:00,e21dd0415926,,"Tests: Rename test_regress/t/t_dist_docs_options.py"
03_random,2025-09-20T17:13:54-04:00,580a84347479,,"Fix randomize inside module without any classes"
03_random,2025-09-16T18:56:04-04:00,d7f4dbfd13d2,,"Fix class.randomize without parens."
03_random,2025-09-06T08:24:19-04:00,0d1f036f1744,5999,"Add error on non-packed struct randc (#5999)."
03_random,2025-09-04T06:56:48-04:00,4e091a1cf172,,"Tests: Ignore all bots in t_dist_contributors.py"
03_random,2025-09-04T06:19:08-04:00,4070db99902f,6315,"Fix rand variable inside constraint (#6315)"
03_random,2025-09-03T20:04:41-04:00,bd7f6d3c19b3,6371,"Fix randomize local after parameters applied (#6371)."
03_random,2025-09-03T17:34:55+01:00,a49334f3e42e,6363,"Internals: Move Dfg CSE into separate source file (#6363)"
03_random,2025-08-27T21:25:40-04:00,e32108713d18,6234,"Fix randomize on function-local variable (#6234)."
03_random,2025-08-22T07:58:03-04:00,f506aa878bfa,6321,"Fix of inline constraints with member selects  (#6321)"
03_random,2025-08-14T05:19:33-07:00,e753480b19e0,6290,"Fix no matching function calls for randomized `VlWide` in unpacked and dynamic arrays (#6290)"
03_random,2025-08-10T08:43:04-04:00,e6e52dd60ab3,6273,"Tests: Fix t_constraint_nosolver_bad.py (#6273)"
03_random,2025-07-28T16:14:03+02:00,a5b0a0d9dd3a,6235,"Add support for `$countones` in constraints (#6144) (#6235)"
03_random,2025-07-25T12:13:46+02:00,10ac99ac0563,6185,"Support randomization of scope variables with 'std::randomize()' (#5438) (#6185)"
03_random,2025-07-18T13:04:47+02:00,a21ecb2ab949,6195,"Add support for randomize..with on objects of aliased types (#6195)"
03_random,2025-07-10T04:59:05-04:00,31c279a7b3e6,6161,"Support randomize() on class member selects (#6161)"
03_random,2025-07-01T08:57:08-04:00,e01580519407,,"Fix stripping  on randomize (#6144 partial)"
03_random,2025-06-26T18:35:49-04:00,17c2512d03dc,6128,"Fix `pre_randomize`/`post_randomize` when no randomize (#6128)."
03_random,2025-06-26T18:34:20-04:00,75229cc03de8,6122,"Fix `pre_randomize`/`post_randomize` when no randomize (#6122)."
03_random,2025-05-04T16:31:27+01:00,70c84d3abdb3,5975,"Preserve C++ widths in V3Expand (#5975)"
03_random,2025-04-16T07:08:46-04:00,e0fdb933a069,5937,"Support constraint random for StructArray (#5805) (#5937)"
03_random,2025-03-11T13:32:34-04:00,7fe51583e502,5841,"Fix foreach of assocArr inside a constraint block (#5727) (#5841)"
03_random,2025-03-05T21:43:50-05:00,8e87a9962827,5831,"Fix `rand_mode` method with cast (#5831)."
03_random,2025-01-11T12:07:52-05:00,d3e205f2013b,5729,"Support constraints on associative array user-defined keys (#5671) (#5729)"
03_random,2024-12-14T11:47:46-05:00,80b2fa3583b3,,"Add error on randc inside dist"
03_random,2024-12-13T16:54:14-05:00,a23dfdc4ee61,,"Fix backward external constraint error, from recent new support."
03_random,2024-12-13T09:32:47-05:00,a8e06874bd1b,5676,"Fix `randomize..with` of parameterized classes (#5676)"
03_random,2024-12-12T08:16:19-05:00,a2f327f72961,,"Support `extern constraint`"
03_random,2024-11-22T08:47:14-05:00,ae990ebcda95,5625,"Add warning on global constraints (#5625)"
03_random,2024-11-15T10:45:06-05:00,5470cf9fa92c,5611,"Support randomize size constraints with restrictions (#5582 partial) (#5611)"
03_random,2024-11-09T20:47:59-05:00,b741105329ae,,"Tests: Fix t_dist_whitespace error message"
03_random,2024-11-09T12:45:55-05:00,4969125e5aff,,"Add error on soft constraints of randc"
03_random,2024-11-09T12:26:48-05:00,d230ccd71663,,"Add error on `solve before` of `randc` variable."
03_random,2024-11-09T12:05:26-05:00,3fae11595a76,,"Support `pure constraint`."
03_random,2024-11-04T04:48:55-08:00,b3348a38d0e4,5583,"Internals: Remove repeated clearing of constraints (#5583)"
03_random,2024-10-09T11:43:53+01:00,041f6603c3cb,5520,"Make incorrect soft ordering constraint into a hard constraint. (#5520)"
03_random,2024-09-26T19:31:06+02:00,02e776788695,5492,"Fix randomize with foreach constraints (#5492)"
03_random,2024-09-22T09:10:03-04:00,90215878f816,,"Tests: Improve t_dist_warn_coverage.py"
03_random,2024-09-22T09:10:01-04:00,a1a74cb1d994,,"Fix mis-parsing of `constraint = new`."
03_random,2024-09-19T07:27:59-04:00,dd95e033e790,5448,"Support inside array constraints (#5448)"
03_random,2024-09-12T05:20:36-07:00,0b7510befa51,5431,"Support basic dist constraints (#5431)"
03_random,2024-09-11T15:57:45+02:00,6b8f253ecde0,,"Re-sync parser in constraints and cross coverpoints"
03_random,2024-09-10T09:10:36-04:00,ef259f63ca25,5436,"Fix randomize treated as std::randomize in classes (#5436)"
03_random,2024-08-29T23:02:21+02:00,f133a2811f82,5418,"Fix capturing params in `randomize() with` (#5416) (#5418)"
03_random,2024-08-29T10:39:54-04:00,aecf38e3ad77,5417," Fix V3Randomize compile error on old GCC (#5403) (#5417)."
03_random,2024-08-28T19:42:49+02:00,675d9a641ea3,5412,"Call `pre`/`post_randomize` on `randomize() with` (#5412)"
03_random,2024-08-28T16:11:39+02:00,5cb6f370e997,5409,"Internals: Emit rand constraint right away. No functional change intended. (#5409)"
03_random,2024-08-27T15:39:36+02:00,155dcc56585f,5408,"Fix empty `foreach` in `if` in constraints (#5408)"
03_random,2024-08-27T12:53:44+02:00,f623db7d68f5,5407,"Normalize types in constraints (#5407)"
03_random,2024-08-26T05:01:37-04:00,d3e07b6ad9d6,,"Internals: Always use parallel for make -j 4 clang-format yapf format-pl-exec make[1]: Entering directory '/svaha/wsnyder/SandBox/homecvs/v4/verilator' yapf3 -i bin/verilator_ccache_report bin/verilator_difftree bin/verilator_gantt bin/verilator_includer bin/verilator_profcfunc examples/json_py/vl_file_copy examples/json_py/vl_hier_graph docs/guide/conf.py docs/bin/vl_sphinx_extract docs/bin/vl_sphinx_fix src/astgen src/bisonpre src/config_rev src/cppcheck_filtered src/flexfix src/vlcovgen src/.gdbinit.py test_regress/t/*.pf nodist/clang_check_attributes nodist/code_coverage nodist/dot_importer nodist/fuzzer/actual_fail nodist/fuzzer/generate_dictionary nodist/install_test nodist/log_changes  nodist/code_coverage.dat chmod a+x test_regress/t/*.pl clang-format-14 -i ./include/verilated.cpp ./include/verilated_cov.cpp ./include/verilated_dpi.cpp ./include/verilated_fst_c.cpp ./include/verilated_fst_sc.cpp ./include/verilated_probdist.cpp ./include/verilated_profiler.cpp ./include/verilated_random.cpp ./include/verilated_save.cpp ./include/verilated_threads.cpp ./include/verilated_timing.cpp ./include/verilated_vcd_c.cpp ./include/verilated_vcd_sc.cpp ./include/verilated_vpi.cpp ./examples/make_hello_c/sim_main.cpp ./examples/make_hello_sc/sc_main.cpp ./examples/make_protect_lib/sim_main.cpp ./examples/make_tracing_c/sim_main.cpp ./examples/make_tracing_sc/sc_main.cpp ./src/VlcMain.cpp ./src/VlcTop.cpp ./src/V3Active.cpp ./src/V3ActiveTop.cpp ./src/V3Assert.cpp ./src/V3AssertPre.cpp ./src/V3Ast.cpp ./src/V3AstNodes.cpp ./src/V3Begin.cpp ./src/V3Branch.cpp ./src/V3Broken.cpp ./src/V3CCtors.cpp ./src/V3CUse.cpp ./src/V3Case.cpp ./src/V3Cast.cpp ./src/V3Class.cpp ./src/V3Clean.cpp ./src/V3Clock.cpp ./src/V3Combine.cpp ./src/V3Common.cpp ./src/V3Config.cpp ./src/V3Const.cpp ./src/V3Coverage.cpp ./src/V3CoverageJoin.cpp ./src/V3Dead.cpp ./src/V3Delayed.cpp ./src/V3Depth.cpp ./src/V3DepthBlock.cpp ./src/V3Descope.cpp ./src/V3Dfg.cpp ./src/V3DfgAstToDfg.cpp ./src/V3DfgCache.cpp ./src/V3DfgDecomposition.cpp ./src/V3DfgDfgToAst.cpp ./src/V3DfgOptimizer.cpp ./src/V3DfgPasses.cpp ./src/V3DfgPeephole.cpp ./src/V3DfgRegularize.cpp ./src/V3DupFinder.cpp ./src/Verilator.cpp ./src/V3EmitCBase.cpp ./src/V3EmitCConstPool.cpp ./src/V3EmitCFunc.cpp ./src/V3EmitCHeaders.cpp ./src/V3EmitCImp.cpp ./src/V3EmitCInlines.cpp ./src/V3EmitCMain.cpp ./src/V3EmitCMake.cpp ./src/V3EmitCModel.cpp ./src/V3EmitCPch.cpp ./src/V3EmitCSyms.cpp ./src/V3EmitMk.cpp ./src/V3EmitV.cpp ./src/V3EmitXml.cpp ./src/V3Error.cpp ./src/V3ExecGraph.cpp ./src/V3Expand.cpp ./src/V3File.cpp ./src/V3FileLine.cpp ./src/V3Force.cpp ./src/V3Fork.cpp ./src/V3Gate.cpp ./src/V3Global.cpp ./src/V3Graph.cpp ./src/V3GraphAcyc.cpp ./src/V3GraphAlg.cpp ./src/V3GraphPathChecker.cpp ./src/V3GraphTest.cpp ./src/V3Hash.cpp ./src/V3Hasher.cpp ./src/V3HierBlock.cpp ./src/V3Inline.cpp ./src/V3Inst.cpp ./src/V3InstrCount.cpp ./src/V3Interface.cpp ./src/V3Param.cpp ./src/V3ParseGrammar.cpp ./src/V3ParseImp.cpp ./src/V3ParseLex.cpp ./src/V3PreProc.cpp ./src/V3PreShell.cpp ./src/V3Premit.cpp ./src/V3ProtectLib.cpp ./src/V3Randomize.cpp ./src/V3Reloop.cpp ./src/V3Sampled.cpp ./src/V3Sched.cpp ./src/V3SchedAcyclic.cpp ./src/V3SchedPartition.cpp ./src/V3SchedReplicate.cpp ./src/V3SchedTiming.cpp ./src/V3SchedVirtIface.cpp ./src/V3Scope.cpp ./src/V3Scoreboard.cpp ./src/V3Slice.cpp ./src/V3Split.cpp ./src/V3SplitAs.cpp ./src/V3SplitVar.cpp ./src/V3StackCount.cpp ./src/V3Stats.cpp ./src/V3StatsReport.cpp ./src/V3String.cpp ./src/V3Subst.cpp ./src/V3TSP.cpp ./src/V3Table.cpp ./src/V3Task.cpp ./src/V3ThreadPool.cpp ./src/V3Timing.cpp ./src/V3Trace.cpp ./src/V3TraceDecl.cpp ./src/V3Tristate.cpp ./src/V3Undriven.cpp ./src/V3Unknown.cpp ./src/V3Unroll.cpp ./src/V3VariableOrder.cpp ./src/V3Waiver.cpp ./src/V3Width.cpp ./src/V3WidthCommit.cpp ./src/V3WidthSel.cpp ./src/V3Life.cpp ./src/V3LifePost.cpp ./src/V3LinkCells.cpp ./src/V3LinkDot.cpp ./src/V3LinkInc.cpp ./src/V3LinkJump.cpp ./src/V3LinkLValue.cpp ./src/V3LinkLevel.cpp ./src/V3LinkParse.cpp ./src/V3LinkResolve.cpp ./src/V3Localize.cpp ./src/V3MergeCond.cpp ./src/V3Name.cpp ./src/V3Number.cpp ./src/V3OptionParser.cpp ./src/V3Options.cpp ./src/V3Order.cpp ./src/V3OrderGraphBuilder.cpp ./src/V3OrderMoveGraph.cpp ./src/V3OrderParallel.cpp ./src/V3OrderProcessDomains.cpp ./src/V3OrderSerial.cpp ./src/V3Os.cpp ./src/V3Param.cpp ./src/V3ParseGrammar.cpp ./src/V3ParseImp.cpp ./src/V3ParseLex.cpp ./src/V3PreProc.cpp ./src/V3PreShell.cpp ./src/V3Premit.cpp ./src/V3ProtectLib.cpp ./src/V3Randomize.cpp ./src/V3Reloop.cpp ./src/V3Sampled.cpp ./src/V3Sched.cpp ./src/V3SchedAcyclic.cpp ./src/V3SchedPartition.cpp ./src/V3SchedReplicate.cpp ./src/V3SchedTiming.cpp ./src/V3SchedVirtIface.cpp ./src/V3Scope.cpp ./src/V3Scoreboard.cpp ./src/V3Slice.cpp ./src/V3Split.cpp ./src/V3SplitAs.cpp ./src/V3SplitVar.cpp ./src/V3StackCount.cpp ./src/V3Stats.cpp ./src/V3StatsReport.cpp ./src/V3String.cpp ./src/V3Subst.cpp ./src/V3TSP.cpp ./src/V3Table.cpp ./src/V3Task.cpp ./src/V3ThreadPool.cpp ./src/V3Timing.cpp ./src/V3Trace.cpp ./src/V3TraceDecl.cpp ./src/V3Tristate.cpp ./src/V3Undriven.cpp ./src/V3Unknown.cpp ./src/V3Unroll.cpp ./src/V3VariableOrder.cpp ./src/V3Waiver.cpp ./src/V3Width.cpp ./src/V3WidthCommit.cpp ./src/V3WidthSel.cpp ./include/verilated.h ./include/verilated_config.h ./include/verilated_cov.h ./include/verilated_cov_key.h ./include/verilated_dpi.h ./include/verilated_fst_c.h ./include/verilated_fst_sc.h ./include/verilated_funcs.h ./include/verilated_imp.h ./include/verilated_intrinsics.h ./include/verilated_profiler.h ./include/verilated_random.h ./include/verilated_save.h ./include/verilated_sc.h ./include/verilated_sc_trace.h ./include/verilated_sym_props.h ./include/verilated_syms.h ./include/verilated_threads.h ./include/verilated_timing.h ./include/verilated_trace.h ./include/verilated_trace_imp.h ./include/verilated_types.h ./include/verilated_vcd_c.h ./include/verilated_vcd_sc.h ./include/verilated_vpi.h ./include/verilatedos.h ./include/verilatedos_c.h ./src/V3Active.h ./src/V3ActiveTop.h ./src/V3Assert.h ./src/V3AssertPre.h ./src/V3Ast.h ./src/V3AstInlines.h ./src/V3AstNodeDType.h ./src/V3AstNodeExpr.h ./src/V3AstNodeOther.h ./src/V3AstUserAllocator.h ./src/V3Begin.h ./src/V3Branch.h ./src/V3Broken.h ./src/V3CCtors.h ./src/V3CUse.h ./src/V3Case.h ./src/V3Cast.h ./src/V3Class.h ./src/V3Clean.h ./src/V3Clock.h ./src/V3Combine.h ./src/V3Common.h ./src/V3Config.h ./src/V3Const.h ./src/V3Coverage.h ./src/V3CoverageJoin.h ./src/V3Dead.h ./src/V3Delayed.h ./src/V3Depth.h ./src/V3DepthBlock.h ./src/V3Descope.h ./src/V3Dfg.h ./src/V3DfgCache.h ./src/V3DfgOptimizer.h ./src/V3DfgPasses.h ./src/V3DfgPatternStats.h ./src/V3DfgPeephole.h ./src/V3DfgVertices.h ./src/V3DupFinder.h ./src/V3EmitC.h ./src/V3EmitCBase.h ./src/V3EmitCConstInit.h ./src/V3EmitCFunc.h ./src/V3EmitCMain.h ./src/V3EmitCMake.h ./src/V3EmitMk.h ./src/V3EmitV.h ./src/V3EmitXml.h ./src/V3Error.h ./src/V3ExecGraph.h ./src/V3Expand.h ./src/V3File.h ./src/V3FileLine.h ./src/V3Force.h ./src/V3Fork.h ./src/V3FunctionTraits.h ./src/V3Gate.h ./src/V3Global.h ./src/V3Graph.h ./src/V3GraphAlg.h ./src/V3GraphPathChecker.h ./src/V3GraphStream.h ./src/V3Hash.h ./src/V3Hasher.h ./src/V3HierBlock.h ./src/V3Inline.h ./src/V3Inst.h ./src/V3InstrCount.h ./src/V3Interface.h ./src/V3LangCode.h ./src/V3LanguageWords.h ./src/V3Life.h ./src/V3LifePost.h ./src/V3LinkCells.h ./src/V3LinkDot.h ./src/V3LinkInc.h ./src/V3LinkJump.h ./src/V3LinkLValue.h ./src/V3LinkLevel.h ./src/V3LinkParse.h ./src/V3LinkResolve.h ./src/V3List.h ./src/V3Localize.h ./src/V3MemberMap.h ./src/V3MergeCond.h ./src/V3Mutex.h ./src/V3Name.h ./src/V3Number.h ./src/V3OptionParser.h ./src/V3Options.h ./src/V3Order.h ./src/V3OrderCFuncEmitter.h ./src/V3OrderGraph.h ./src/V3OrderInternal.h ./src/V3OrderMoveGraph.h ./src/V3Os.h ./src/V3PairingHeap.h ./src/V3Param.h ./src/V3Parse.h ./src/V3ParseImp.h ./src/V3ParseSym.h ./src/V3PchAstMT.h ./src/V3PchAstNoMT.h ./src/V3PreExpr.h ./src/V3PreLex.h ./src/V3PreProc.h ./src/V3PreShell.h ./src/V3Premit.h ./src/V3ProtectLib.h ./src/V3Randomize.h ./src/V3Reloop.h ./src/V3Rtti.h ./src/V3Sampled.h ./src/V3Sched.h ./src/V3Scope.h ./src/V3Scoreboard.h ./src/V3SenExprBuilder.h ./src/V3SenTree.h ./src/V3Simulate.h ./src/V3Slice.h ./src/V3Split.h ./src/V3SplitAs.h ./src/V3SplitVar.h ./src/V3StackCount.h ./src/V3Stats.h ./src/V3StdFuture.h ./src/V3String.h ./src/V3Subst.h ./src/V3SymTable.h ./src/V3TSP.h ./src/V3Table.h ./src/V3Task.h ./src/V3ThreadPool.h ./src/V3Timing.h ./src/V3Trace.h ./src/V3TraceDecl.h ./src/V3Tristate.h ./src/V3Undriven.h ./src/V3UniqueNames.h ./src/V3Unknown.h ./src/V3Unroll.h ./src/V3VariableOrder.h ./src/V3Waiver.h ./src/V3Width.h ./src/V3WidthCommit.h ./src/V3WidthRemove.h ./src/VlcBucket.h ./src/VlcOptions.h ./src/VlcPoint.h ./src/VlcSource.h ./src/VlcTest.h ./src/VlcTop.h ./src/config_build.h ./src/config_package.h ./src/config_rev.h ./src/verilog.y ./src/V3PreLex.l ./src/verilog.l test_regress/t/*.c* test_regress/t/*.h make[1]: Leaving directory '/svaha/wsnyder/SandBox/homecvs/v4/verilator'"
03_random,2024-08-23T07:57:57-04:00,eb8bbcda058a,5397,"Internals: Simplify `CaptureVisitor` in `V3Randomize` (#5397)"
03_random,2024-08-21T06:16:44-04:00,930f35acc9c7,5338,"Support `constraint_mode` (#5338)"
03_random,2024-08-20T13:25:58-04:00,59d2eea302f6,5389,"Fix capturing fields from superclass in `randomize() with` (#5389)"
03_random,2024-08-09T17:21:32-04:00,367249ec8454,5354,"Add parsing but otherwise ignore std::randomize (#5354)"
03_random,2024-08-05T17:56:03-04:00,f4cb2c8cf2c8,5329,"Add more `rand_mode` unsupported errors (#5329)"
03_random,2024-08-02T11:45:17-04:00,45ee949cc48e,5277,"Internals: Disambiguate variable references under `with` clauses of `randomize()` methods (#5277)"
03_random,2024-08-02T10:03:55-04:00,54f9f4b6a945,5302,"Support foreach constraints (#5302)"
03_random,2024-07-31T22:30:48+01:00,2f5c58b345ec,5273,"Support `rand_mode` (#5273)"
03_random,2024-07-26T05:46:30-04:00,b9e1d552622b,5305,"Fix handling of rand fields not referenced in constraints (#5305)"
03_random,2024-07-19T13:03:48-04:00,2bd2b9324fea,5280,"Fix inline constraints creating class random generator (#5280)"
03_random,2024-07-19T09:14:56+02:00,43377ed8b08d,5282,"Add support for `this.randomize with` (#5282)"
03_random,2024-07-15T21:01:33-04:00,0a9b31bb30fd,5264,"Add warning on dist in constraints (#5264)"
03_random,2024-07-15T16:42:41+02:00,34e37d7bd087,5263,"Keep one member map for randomize method creation (#5263)"
03_random,2024-07-13T08:31:16-04:00,4cf017d7fe06,5260,"Tests: Skip t_randomize_method_constraints when no solver is installed (#5260)"
03_random,2024-07-12T16:18:18+02:00,3cf9606ea9d9,5234,"Support inline constraints for class randomization methods (#5234)"
03_random,2024-07-10T11:30:18-04:00,570e1bc35a96,5245,"Support conditional constraints (#5245)"
03_random,2024-07-04T11:42:53+01:00,dace2c0a9a8f,5224,"Tests: Skip t_constraint_state when no solver is installed (#5224)"
03_random,2024-07-01T20:19:15+02:00,85356f464f82,5217,"State-dependent constraints (#5217)"
03_random,2024-06-13T08:38:20-04:00,442c9bc31681,5126,"Support parsing and otherwise ignoring inline constraints (#5126)"
03_random,2024-05-23T22:25:14-04:00,ee130cb20de7,,"Tests: Skip if no constraint solver"
03_random,2024-05-10T06:37:19-04:00,45eb5b8a5c99,5110,"Fix method calls parsing in constraints (#5110)"
03_random,2024-03-19T08:22:39-04:00,26f15e11c4b7,5001,"Fix unique {} constraints missing semicolon (#5001)"
03_random,2024-03-12T07:49:01-04:00,953249aa4305,,"CI: Add dist-vlt-3 to avoid out of disk space"
03_random,2024-03-02T19:49:29+00:00,5e1fc6e24d9c,4937,"Add DFG 'regularize' pass, and improve variable removal (#4937)"
03_random,2024-03-02T10:14:54-05:00,a378dbd9b2e5,,"Tests: Fix t_dist_whitespace"
03_random,2024-02-13T21:53:32+09:00,65b632a7dd89,4892,"Improve assertion for unique case (#4892)"
03_random,2023-11-12T07:32:08-05:00,eff2d977c148,,"Fix mis-elimination of variables across randomize()"
03_random,2023-11-11T20:20:37-05:00,99dbd23f1b5e,4683,"Support passing constraints to --xml-only output (still otherwise unsupported) (#4683)"
03_random,2023-09-26T22:53:25-04:00,2385ab8294f0,,"Tests: randc now supported"
03_random,2023-09-18T21:17:21-04:00,24ff3155ae07,4349,"Support randc (#4349)."
03_random,2023-09-16T09:22:12-04:00,891cc0f9b6c5,4085,"Fix t_dist_cppstyle Perl performance issue (#4085)."
03_random,2023-05-07T15:08:44-04:00,6188083baa3a,,"Tests: Improve randc tests"
03_random,2023-05-06T18:33:08-04:00,250c6950cfee,,"Fix randomize missing simple class rand members."
03_random,2023-04-05T21:27:37-04:00,05660d11188f,,"Add CONSTRAINTIGN warning when constraint ignored.  Likewise ignore constraint_mode, rand_mode."
03_random,2023-04-02T15:10:45-04:00,7e1980af7a67,,"Tests: Avoid t_dist failures on deleted files."
03_random,2023-03-14T13:47:43-04:00,fc3fdcc71c63,4024,"Tests: Fix randomize_method test (#4024)"
03_random,2023-03-14T14:48:06+01:00,80b7b8bbdb54,4023,"Don't call randomize on null field (#4023)"
03_random,2023-02-11T13:29:52-05:00,e9441cff5088,,"Parse external constraints as UNSUPPORTED."
03_random,2023-01-22T09:53:55-05:00,f4865a4bb296,,"Fix configure; always look for std=c++17 rather than by distro."
03_random,2023-01-20T20:42:46-05:00,5a39fc4ba9d8,,"Tests: Add t_dist_copyright.pl"
03_random,2022-12-04T17:30:51-05:00,ea1b141d133b,,"Support probablity distribution functions."
03_random,2022-11-19T22:01:55-05:00,e266b2cb0351,,"Tests: Add $dist tests"
03_random,2022-11-18T21:30:34-05:00,0322e9da7ed5,,"Fix randcase inside function."
03_random,2022-11-13T11:59:40-05:00,c6ecd6099306,,"Support pre_randomize and post_randomize."
03_random,2022-11-11T21:53:05-05:00,a4278608255d,,"Support randcase."
03_random,2022-10-15T18:37:44-04:00,c0739e908cfc,,"Fix internal traceActivity to be zero reset not randomized."
03_random,2022-09-16T15:52:25+01:00,38a8d7fb2edf,,"Remove redundant 'inline' keywords from definitions"
03_random,2022-09-16T15:19:38+01:00,0c70a0dcbf0a,,"Remove redundant 'virtual' keywords from overridden methods"
03_random,2022-09-13T21:54:12+01:00,25644844299a,,"astgen: Rewrite in a more OOP way, in preparation for extensions"
03_random,2022-08-31T16:52:05+01:00,546aeab9f2c3,,"V3Order: Minor refactoring for clarity"
03_random,2022-08-20T21:18:50+01:00,9ac64d0b929c,,"Improve performance of MTask coarsening"
03_random,2022-08-19T16:59:20+01:00,83475008d94a,,"Improve performance of MTask coarsening"
03_random,2021-10-24T16:49:05+01:00,f5a226a183da,,"Partial clean up of V3Order. No functional change intended."
03_random,2021-09-07T19:27:46-04:00,2a79e46c4626,,"Tests: Fix t_dist_fixme to detect later files."
03_random,2021-07-22T18:01:07+01:00,ab4063f098d6,,"Emit implementations into separate files based on required headers."
03_random,2021-06-13T15:05:55+01:00,c207e98306cb,3013,"Implement a distinct constant pool (#3013)"
03_random,2021-06-12T23:25:58+01:00,e6e7bd8d832c,,"Compile the debug build with -Og -ggdb -gz if supported."
03_random,2021-06-09T23:51:03+01:00,d22df4e90756,,"CI: Add extra dist-vlt shard for better load balancing"
03_random,2021-06-09T21:17:02+01:00,24b3816f5e95,,"Improve distribution of V3Hash/V3Hasher"
03_random,2020-12-09T19:17:30-05:00,5e7b0d526dd2,2680,"Support 'randc' as alias to 'rand' (#2680)"
03_random,2020-12-07T17:55:22-05:00,cf7ea06b5de6,,"Support randomize() class method and rand"
03_random,2020-11-26T11:50:50-05:00,d56b923eaabc,,"Fix 'randomize() with {}' crash"
03_random,2020-11-17T22:14:18-05:00,e6f7510895ac,,"Add check for rand_mode/constraint_mode."
03_random,2020-10-28T08:37:12+09:00,05ff96bea3f4,2604,"Fix SEGV when $fgets, $sscanf, or $fscanf is used with string (#2604)"
03_random,2020-07-02T21:10:05-04:00,b968f577119b,,"Suppress unsupported constraint, as implied by unsupported randomize."
03_random,2020-06-06T12:08:36-04:00,4862916f391e,,"Support --bbox-unsup parsing of 'constraint', 'dist', 'solve'"
03_random,2020-06-06T11:22:48-04:00,870ec27b73e0,,"Support --bbox-unsup parsing of 'randomize'"
03_random,2020-04-13T22:52:23-04:00,5c966ec510ba,,"clang-format many files. No functional change. Use nodist/clang_formatter to reformat files that are now clean."
04_iface,2026-04-27T16:58:30-04:00,4437ae79e778,7505,"Fix virtual interface method call inlining and IMPURE suppression (#7505)"
04_iface,2026-04-22T12:09:30-04:00,5cddbd7fda48,7465,"Fix tracing virtual interface member written from classes (#5044) (#7465)"
04_iface,2026-04-14T07:25:02-04:00,7e3400b37d6d,7421,"Fix virtual interface implied comparison with null (#7421)."
04_iface,2026-04-03T19:04:10-04:00,efd60df2bea7,7370,"Fix virtual interface select from sub-interface instance (#7203) (#7370)"
04_iface,2026-04-02T10:53:01-04:00,1e5c93cc51d2,7363,"Fix virtual interface function calls binding to wrong instance (#7363)"
04_iface,2026-04-01T21:42:42+01:00,894f6c4c5830,7323,"Fix virtual interface member trigger convergence (#5116) (#7323)"
04_iface,2026-03-25T07:16:52-04:00,728ddf333103,7321,"Fix modport selection of virtual interface handle (#7321)"
04_iface,2026-03-19T20:29:02-04:00,94f8181cff52,5990,"Fix null assignment to virtual interfaces (#5974) (#5990). [Maxim Fonarev]"
04_iface,2026-03-18T19:20:34-04:00,a0a684109fe7,7277,"Support modport export/import task prototypes and out-of-block definitions (#7277)"
04_iface,2026-03-09T22:32:13-04:00,1b2b8afdc127,7219,"Fix wrong $bits() for parameterized interface struct typedefs (#7218) (#7219)"
04_iface,2026-02-07T10:06:37-05:00,892279408881,7011,"Tests: Add test cases for interface array access with loop variable index (#1418 tests) (#7011)"
04_iface,2026-02-06T22:20:10+00:00,dc26dd601d6e,7010,"Fix internal error - virtual interface not found (#7010)"
04_iface,2026-02-06T06:38:16-05:00,b14d65a78790,7005,"Support modport expression syntax + nested (#2601) (#5581) (#7005)"
04_iface,2026-02-05T22:15:30-05:00,2215d01d6be8,6997,"Fix hierarchical interface/modport issues (#5941) (#6997)"
04_iface,2026-01-25T14:25:42-05:00,1b9f38f78f51,4286,"Fix parameterized virtual interface references that have no model references (#4286)."
04_iface,2026-01-06T07:15:33-05:00,d5784b8cf2c0,6844,"Trigger virtual interfaces in proper place  (#6844)"
04_iface,2025-12-23T10:12:34-05:00,a2fcd37c08fc,6861,"Fix unsupported `if` virtual interface warning (#6558) (#6861)"
04_iface,2025-12-21T08:58:21-05:00,361ab194fff6,6848,"Internals: Modport expression parsing and tests (#2601 partial) (#6848)"
04_iface,2025-12-10T10:59:08-05:00,37318ab2bda2,6788,"Fix input sampling of clocking block signals (#6788)"
04_iface,2025-11-22T17:40:40-05:00,087ca151381b,6681,"Support clocking output delay `1step` (#6681)."
04_iface,2025-10-29T17:27:15-04:00,287fdb73129b,6613,"Fix mis-ignoring virtual interface member triggers (#5116 reopened) (#6613)"
04_iface,2025-09-16T13:25:40-04:00,c856380fac71,6436,"Support modports referencing clocking blocks (#4555) (#6436)"
04_iface,2025-09-05T14:27:46+02:00,107f64e53bf1,6386,"Fix segfault when modport variable is unresolved (#6386)"
04_iface,2025-08-30T10:35:16-04:00,3770273637bb,6347,"Optimize logic in non-virtual interfaces with DFG (#6347)"
04_iface,2025-08-28T09:03:46-04:00,8868d459a295,6338,"Fix broken support of unassigned virtual interfaces (#6253) (#6338)"
04_iface,2025-08-26T11:24:15+01:00,a841a962ceb8,6332,"Optimize interfaces in Dfg (#6332)"
04_iface,2025-08-23T10:45:13-04:00,353a2e3d2039,6325,"Fix gathering senaitivities from virtual interface members (#6325)"
04_iface,2025-08-01T12:39:13+02:00,61f4c97f4054,6245,"Support unassigned virtual interfaces (#5265) (#6245)"
04_iface,2025-07-18T09:07:31-04:00,9b99d9697fd6,6184,"Fix virtual interface member propagation (#6175) (#6184)"
04_iface,2025-07-11T21:04:51-04:00,1044398f95bb,6148,"Support member-level triggers for virtual interfaces (#5166) (#6148)"
04_iface,2025-06-28T09:43:02-04:00,62e5e3aa0cb5,,"Fix interface array connections with non-zero low declaration index."
04_iface,2025-06-04T21:43:46-04:00,ed46878f7bbe,6057,"Fix virtual interface array typedef expressions (#6057)."
04_iface,2025-05-29T22:11:47-04:00,8a8f04153a7c,5973,"Fix method calls and new to access interface arrays (#5973)"
04_iface,2025-03-21T17:00:49-04:00,27e39d78219c,5869,"Fix interface array assignments (#5270) (#5633) (#5869)"
04_iface,2025-03-12T17:57:02-04:00,0aac3074b607,5854,"Fix recursive error on virtual interfaces (#5854)."
04_iface,2024-09-04T07:57:51-04:00,51691dfde56c,,"Fix driving clocking block in Reactive"
04_iface,2024-08-26T05:01:37-04:00,d3e07b6ad9d6,,"Internals: Always use parallel for make -j 4 clang-format yapf format-pl-exec make[1]: Entering directory '/svaha/wsnyder/SandBox/homecvs/v4/verilator' yapf3 -i bin/verilator_ccache_report bin/verilator_difftree bin/verilator_gantt bin/verilator_includer bin/verilator_profcfunc examples/json_py/vl_file_copy examples/json_py/vl_hier_graph docs/guide/conf.py docs/bin/vl_sphinx_extract docs/bin/vl_sphinx_fix src/astgen src/bisonpre src/config_rev src/cppcheck_filtered src/flexfix src/vlcovgen src/.gdbinit.py test_regress/t/*.pf nodist/clang_check_attributes nodist/code_coverage nodist/dot_importer nodist/fuzzer/actual_fail nodist/fuzzer/generate_dictionary nodist/install_test nodist/log_changes  nodist/code_coverage.dat chmod a+x test_regress/t/*.pl clang-format-14 -i ./include/verilated.cpp ./include/verilated_cov.cpp ./include/verilated_dpi.cpp ./include/verilated_fst_c.cpp ./include/verilated_fst_sc.cpp ./include/verilated_probdist.cpp ./include/verilated_profiler.cpp ./include/verilated_random.cpp ./include/verilated_save.cpp ./include/verilated_threads.cpp ./include/verilated_timing.cpp ./include/verilated_vcd_c.cpp ./include/verilated_vcd_sc.cpp ./include/verilated_vpi.cpp ./examples/make_hello_c/sim_main.cpp ./examples/make_hello_sc/sc_main.cpp ./examples/make_protect_lib/sim_main.cpp ./examples/make_tracing_c/sim_main.cpp ./examples/make_tracing_sc/sc_main.cpp ./src/VlcMain.cpp ./src/VlcTop.cpp ./src/V3Active.cpp ./src/V3ActiveTop.cpp ./src/V3Assert.cpp ./src/V3AssertPre.cpp ./src/V3Ast.cpp ./src/V3AstNodes.cpp ./src/V3Begin.cpp ./src/V3Branch.cpp ./src/V3Broken.cpp ./src/V3CCtors.cpp ./src/V3CUse.cpp ./src/V3Case.cpp ./src/V3Cast.cpp ./src/V3Class.cpp ./src/V3Clean.cpp ./src/V3Clock.cpp ./src/V3Combine.cpp ./src/V3Common.cpp ./src/V3Config.cpp ./src/V3Const.cpp ./src/V3Coverage.cpp ./src/V3CoverageJoin.cpp ./src/V3Dead.cpp ./src/V3Delayed.cpp ./src/V3Depth.cpp ./src/V3DepthBlock.cpp ./src/V3Descope.cpp ./src/V3Dfg.cpp ./src/V3DfgAstToDfg.cpp ./src/V3DfgCache.cpp ./src/V3DfgDecomposition.cpp ./src/V3DfgDfgToAst.cpp ./src/V3DfgOptimizer.cpp ./src/V3DfgPasses.cpp ./src/V3DfgPeephole.cpp ./src/V3DfgRegularize.cpp ./src/V3DupFinder.cpp ./src/Verilator.cpp ./src/V3EmitCBase.cpp ./src/V3EmitCConstPool.cpp ./src/V3EmitCFunc.cpp ./src/V3EmitCHeaders.cpp ./src/V3EmitCImp.cpp ./src/V3EmitCInlines.cpp ./src/V3EmitCMain.cpp ./src/V3EmitCMake.cpp ./src/V3EmitCModel.cpp ./src/V3EmitCPch.cpp ./src/V3EmitCSyms.cpp ./src/V3EmitMk.cpp ./src/V3EmitV.cpp ./src/V3EmitXml.cpp ./src/V3Error.cpp ./src/V3ExecGraph.cpp ./src/V3Expand.cpp ./src/V3File.cpp ./src/V3FileLine.cpp ./src/V3Force.cpp ./src/V3Fork.cpp ./src/V3Gate.cpp ./src/V3Global.cpp ./src/V3Graph.cpp ./src/V3GraphAcyc.cpp ./src/V3GraphAlg.cpp ./src/V3GraphPathChecker.cpp ./src/V3GraphTest.cpp ./src/V3Hash.cpp ./src/V3Hasher.cpp ./src/V3HierBlock.cpp ./src/V3Inline.cpp ./src/V3Inst.cpp ./src/V3InstrCount.cpp ./src/V3Interface.cpp ./src/V3Param.cpp ./src/V3ParseGrammar.cpp ./src/V3ParseImp.cpp ./src/V3ParseLex.cpp ./src/V3PreProc.cpp ./src/V3PreShell.cpp ./src/V3Premit.cpp ./src/V3ProtectLib.cpp ./src/V3Randomize.cpp ./src/V3Reloop.cpp ./src/V3Sampled.cpp ./src/V3Sched.cpp ./src/V3SchedAcyclic.cpp ./src/V3SchedPartition.cpp ./src/V3SchedReplicate.cpp ./src/V3SchedTiming.cpp ./src/V3SchedVirtIface.cpp ./src/V3Scope.cpp ./src/V3Scoreboard.cpp ./src/V3Slice.cpp ./src/V3Split.cpp ./src/V3SplitAs.cpp ./src/V3SplitVar.cpp ./src/V3StackCount.cpp ./src/V3Stats.cpp ./src/V3StatsReport.cpp ./src/V3String.cpp ./src/V3Subst.cpp ./src/V3TSP.cpp ./src/V3Table.cpp ./src/V3Task.cpp ./src/V3ThreadPool.cpp ./src/V3Timing.cpp ./src/V3Trace.cpp ./src/V3TraceDecl.cpp ./src/V3Tristate.cpp ./src/V3Undriven.cpp ./src/V3Unknown.cpp ./src/V3Unroll.cpp ./src/V3VariableOrder.cpp ./src/V3Waiver.cpp ./src/V3Width.cpp ./src/V3WidthCommit.cpp ./src/V3WidthSel.cpp ./src/V3Life.cpp ./src/V3LifePost.cpp ./src/V3LinkCells.cpp ./src/V3LinkDot.cpp ./src/V3LinkInc.cpp ./src/V3LinkJump.cpp ./src/V3LinkLValue.cpp ./src/V3LinkLevel.cpp ./src/V3LinkParse.cpp ./src/V3LinkResolve.cpp ./src/V3Localize.cpp ./src/V3MergeCond.cpp ./src/V3Name.cpp ./src/V3Number.cpp ./src/V3OptionParser.cpp ./src/V3Options.cpp ./src/V3Order.cpp ./src/V3OrderGraphBuilder.cpp ./src/V3OrderMoveGraph.cpp ./src/V3OrderParallel.cpp ./src/V3OrderProcessDomains.cpp ./src/V3OrderSerial.cpp ./src/V3Os.cpp ./src/V3Param.cpp ./src/V3ParseGrammar.cpp ./src/V3ParseImp.cpp ./src/V3ParseLex.cpp ./src/V3PreProc.cpp ./src/V3PreShell.cpp ./src/V3Premit.cpp ./src/V3ProtectLib.cpp ./src/V3Randomize.cpp ./src/V3Reloop.cpp ./src/V3Sampled.cpp ./src/V3Sched.cpp ./src/V3SchedAcyclic.cpp ./src/V3SchedPartition.cpp ./src/V3SchedReplicate.cpp ./src/V3SchedTiming.cpp ./src/V3SchedVirtIface.cpp ./src/V3Scope.cpp ./src/V3Scoreboard.cpp ./src/V3Slice.cpp ./src/V3Split.cpp ./src/V3SplitAs.cpp ./src/V3SplitVar.cpp ./src/V3StackCount.cpp ./src/V3Stats.cpp ./src/V3StatsReport.cpp ./src/V3String.cpp ./src/V3Subst.cpp ./src/V3TSP.cpp ./src/V3Table.cpp ./src/V3Task.cpp ./src/V3ThreadPool.cpp ./src/V3Timing.cpp ./src/V3Trace.cpp ./src/V3TraceDecl.cpp ./src/V3Tristate.cpp ./src/V3Undriven.cpp ./src/V3Unknown.cpp ./src/V3Unroll.cpp ./src/V3VariableOrder.cpp ./src/V3Waiver.cpp ./src/V3Width.cpp ./src/V3WidthCommit.cpp ./src/V3WidthSel.cpp ./include/verilated.h ./include/verilated_config.h ./include/verilated_cov.h ./include/verilated_cov_key.h ./include/verilated_dpi.h ./include/verilated_fst_c.h ./include/verilated_fst_sc.h ./include/verilated_funcs.h ./include/verilated_imp.h ./include/verilated_intrinsics.h ./include/verilated_profiler.h ./include/verilated_random.h ./include/verilated_save.h ./include/verilated_sc.h ./include/verilated_sc_trace.h ./include/verilated_sym_props.h ./include/verilated_syms.h ./include/verilated_threads.h ./include/verilated_timing.h ./include/verilated_trace.h ./include/verilated_trace_imp.h ./include/verilated_types.h ./include/verilated_vcd_c.h ./include/verilated_vcd_sc.h ./include/verilated_vpi.h ./include/verilatedos.h ./include/verilatedos_c.h ./src/V3Active.h ./src/V3ActiveTop.h ./src/V3Assert.h ./src/V3AssertPre.h ./src/V3Ast.h ./src/V3AstInlines.h ./src/V3AstNodeDType.h ./src/V3AstNodeExpr.h ./src/V3AstNodeOther.h ./src/V3AstUserAllocator.h ./src/V3Begin.h ./src/V3Branch.h ./src/V3Broken.h ./src/V3CCtors.h ./src/V3CUse.h ./src/V3Case.h ./src/V3Cast.h ./src/V3Class.h ./src/V3Clean.h ./src/V3Clock.h ./src/V3Combine.h ./src/V3Common.h ./src/V3Config.h ./src/V3Const.h ./src/V3Coverage.h ./src/V3CoverageJoin.h ./src/V3Dead.h ./src/V3Delayed.h ./src/V3Depth.h ./src/V3DepthBlock.h ./src/V3Descope.h ./src/V3Dfg.h ./src/V3DfgCache.h ./src/V3DfgOptimizer.h ./src/V3DfgPasses.h ./src/V3DfgPatternStats.h ./src/V3DfgPeephole.h ./src/V3DfgVertices.h ./src/V3DupFinder.h ./src/V3EmitC.h ./src/V3EmitCBase.h ./src/V3EmitCConstInit.h ./src/V3EmitCFunc.h ./src/V3EmitCMain.h ./src/V3EmitCMake.h ./src/V3EmitMk.h ./src/V3EmitV.h ./src/V3EmitXml.h ./src/V3Error.h ./src/V3ExecGraph.h ./src/V3Expand.h ./src/V3File.h ./src/V3FileLine.h ./src/V3Force.h ./src/V3Fork.h ./src/V3FunctionTraits.h ./src/V3Gate.h ./src/V3Global.h ./src/V3Graph.h ./src/V3GraphAlg.h ./src/V3GraphPathChecker.h ./src/V3GraphStream.h ./src/V3Hash.h ./src/V3Hasher.h ./src/V3HierBlock.h ./src/V3Inline.h ./src/V3Inst.h ./src/V3InstrCount.h ./src/V3Interface.h ./src/V3LangCode.h ./src/V3LanguageWords.h ./src/V3Life.h ./src/V3LifePost.h ./src/V3LinkCells.h ./src/V3LinkDot.h ./src/V3LinkInc.h ./src/V3LinkJump.h ./src/V3LinkLValue.h ./src/V3LinkLevel.h ./src/V3LinkParse.h ./src/V3LinkResolve.h ./src/V3List.h ./src/V3Localize.h ./src/V3MemberMap.h ./src/V3MergeCond.h ./src/V3Mutex.h ./src/V3Name.h ./src/V3Number.h ./src/V3OptionParser.h ./src/V3Options.h ./src/V3Order.h ./src/V3OrderCFuncEmitter.h ./src/V3OrderGraph.h ./src/V3OrderInternal.h ./src/V3OrderMoveGraph.h ./src/V3Os.h ./src/V3PairingHeap.h ./src/V3Param.h ./src/V3Parse.h ./src/V3ParseImp.h ./src/V3ParseSym.h ./src/V3PchAstMT.h ./src/V3PchAstNoMT.h ./src/V3PreExpr.h ./src/V3PreLex.h ./src/V3PreProc.h ./src/V3PreShell.h ./src/V3Premit.h ./src/V3ProtectLib.h ./src/V3Randomize.h ./src/V3Reloop.h ./src/V3Rtti.h ./src/V3Sampled.h ./src/V3Sched.h ./src/V3Scope.h ./src/V3Scoreboard.h ./src/V3SenExprBuilder.h ./src/V3SenTree.h ./src/V3Simulate.h ./src/V3Slice.h ./src/V3Split.h ./src/V3SplitAs.h ./src/V3SplitVar.h ./src/V3StackCount.h ./src/V3Stats.h ./src/V3StdFuture.h ./src/V3String.h ./src/V3Subst.h ./src/V3SymTable.h ./src/V3TSP.h ./src/V3Table.h ./src/V3Task.h ./src/V3ThreadPool.h ./src/V3Timing.h ./src/V3Trace.h ./src/V3TraceDecl.h ./src/V3Tristate.h ./src/V3Undriven.h ./src/V3UniqueNames.h ./src/V3Unknown.h ./src/V3Unroll.h ./src/V3VariableOrder.h ./src/V3Waiver.h ./src/V3Width.h ./src/V3WidthCommit.h ./src/V3WidthRemove.h ./src/VlcBucket.h ./src/VlcOptions.h ./src/VlcPoint.h ./src/VlcSource.h ./src/VlcTest.h ./src/VlcTop.h ./src/config_build.h ./src/config_package.h ./src/config_rev.h ./src/verilog.y ./src/V3PreLex.l ./src/verilog.l test_regress/t/*.c* test_regress/t/*.h make[1]: Leaving directory '/svaha/wsnyder/SandBox/homecvs/v4/verilator'"
04_iface,2024-08-21T05:40:52-04:00,13e0fc7c275e,5391,"Fix virtual interface null checks (#5391)"
04_iface,2024-07-09T18:31:58-04:00,2cfec0ecc39e,5235,"Support clocking blocks in virtual interfaces (#5235)"
04_iface,2023-12-21T07:49:07-05:00,56d67912055c,4775,"Support invoking interface methods on virtual interface variables (#4774) (#4775)"
04_iface,2023-12-08T07:11:32-05:00,d3142736c828,4746,"Tests: Add a test for type parameters in virtual interfaces (#4746)"
04_iface,2023-12-07T13:56:16+01:00,1ececf112735,4745,"Support multiple parameters in virtual interfaces (#4745)"
04_iface,2023-12-04T22:11:07-05:00,ea2084392f6f,4673,"Support --timing triggers for virtual interfaces (#4673)"
04_iface,2023-10-30T21:26:46-04:00,f789d28277ae,4645,"Fix signals read via virtual iface optimized out (#4645)"
04_iface,2023-10-21T02:40:08-04:00,f8b7fb72b897,4593,"Fix fault on empty clocking block (#4593)."
04_iface,2023-03-16T20:48:18-04:00,51ba4a1531d7,4032,"Fix clocking block scope internal error (#4032)."
04_iface,2023-01-18T11:46:51-05:00,956fd89b87ea,3886,"Support import/export lists in modport (#3886)"
04_iface,2022-12-23T07:34:49-05:00,bb44d4e4f2a4,3674,"Support clocking blocks (#3674)"
04_iface,2022-10-20T06:31:00-04:00,0e4da3b0bf93,3654,"Support virtual interfaces (#3654)"
04_iface,2020-11-27T20:02:17-05:00,cef7610b14a3,,"Fix crash on virtual interfaces."
04_iface,2020-11-08T22:43:32-05:00,fc52fb90930e,2614,"Fix arrays of modport interfaces (#2614)."
04_iface,2020-11-08T19:15:53-05:00,67d5b1a11a3a,,"Internals: Preserve arrays of modports. Part of #2614."
04_iface,2020-11-01T20:52:21-05:00,b663d1a230cd,,"Rename internal interface references, part of #2614."
05_sva,2026-04-29T05:18:12-04:00,4ebc4f1eeeeb,7513,"Fix V3Assert stale failsp after recursive iteration (#7500) (#7513)"
05_sva,2026-04-28T06:50:16-04:00,bb1bfabab386,7506,"Fix internal error on multi-cycle SVA under default clocking (#7472) (#7506)"
05_sva,2026-04-27T08:20:34-04:00,c8893b64de2e,7482,"Support `always` / `always[m:n]` / `s_always[m:n]` property operators (#7482)"
05_sva,2026-04-23T10:50:23+02:00,cfebe805c90f,7448,"Support implication operator with constraint_set (#7300) (#7448)"
05_sva,2026-04-23T05:47:24+02:00,51eb5346c858,7461,"Support sequence within operator (#7461)"
05_sva,2026-04-20T07:43:18+02:00,935b2564eb70,7430,"Use NFA in SVA pass (V3AssertNfa: NFA-based multi-lcycle SVA evaluation engine) (#7430)"
05_sva,2026-04-19T08:03:19+02:00,29a93fe5bcc3,7442,"Fix internal error on `dist` under implication operator in constraints (#7440) (#7442)"
05_sva,2026-04-17T06:33:36-04:00,ba508c00d2c8,7436,"Support `until_with` property (#7290 partial) (#7436)"
05_sva,2026-04-10T08:17:54-04:00,4da31b0418d2,7399,"Support 'until' property (partial #7290) (#7399)"
05_sva,2026-04-09T18:28:28-04:00,854e80c3c251,7397,"Support nonconsecutive repetition [=N] in sequence expressions (#7397)"
05_sva,2026-04-09T11:42:43-04:00,d20d765dd021,7392,"Support first_match sequence operator (#7392)"
05_sva,2026-04-08T10:26:03-04:00,e63c4f563ec4,7379,"Support consecutive repetition [*N:M], [+], and [*] in sequence expressions (#7379)"
05_sva,2026-04-08T09:31:54+02:00,141fe8bdadcc,7374,"Support sequence intersect operator (#7374)"
05_sva,2026-04-06T17:12:22-04:00,dfb7b034a5f4,7378,"Support sequence 'throughout' operator (#7378)"
05_sva,2026-04-06T16:31:43-04:00,72b2ca55850a,7377,"Support ##[*], ##[+], ##[M:$] unbounded cycle delays in SVA properties (#7377)"
05_sva,2026-03-30T07:01:33-04:00,bf453361f669,7311,"Support consecutive repetition [*N] in SVA properties (#7311)"
05_sva,2026-03-27T14:31:03-04:00,f66df9e70ebd,7337,"Fix `disable iff` imply-delay statement linking (#7337)"
05_sva,2026-03-27T10:31:15-04:00,55e5f017589b,7310,"Support SVA goto repetition [->N] in concurrent assertions (#7310)"
05_sva,2026-03-26T10:08:22-04:00,3ddf7ad6eca4,7312,"Support ##[M:N] range cycle delay in SVA sequences (#7312)"
05_sva,2026-03-26T06:56:36+00:00,afa071a8228c,7309,"Optimize DfgPeephole until fixed point (#7309)"
05_sva,2026-03-24T08:56:14-04:00,0b2bf991a6d8,7285,"Support boolean and/or in sequence expressions (#7285)"
05_sva,2026-03-22T06:21:57-07:00,921607fd3520,7286,"Support property-local variables and sequence match items (#7286)"
05_sva,2026-03-20T10:24:46-04:00,a8bccab8e6eb,7283,"Support named sequence declarations and instances in assertions  (#7283)"
05_sva,2026-03-20T09:53:49-04:00,25c3bc814ed9,7284,"Support ## delay on implication RHS in SVA properties (#7284)"
05_sva,2026-03-05T20:03:48-05:00,b89d29cab996,6944,"* Support procedural concurrent assertion simple cases (#6944)."
05_sva,2026-03-04T17:55:55-05:00,7acd73fedecc,6933,"Fix super constructor calls with local variables, by using init functions (#6214) (#6933)"
05_sva,2026-02-19T11:33:30+01:00,ff3028aca3a3,7090,"Support `disable iff` with sequences (#7090)"
05_sva,2026-02-16T03:55:55+00:00,505d33b35a71,7079,"Support #0 delays with IEEE-1800 compliant semantics (#7079)"
05_sva,2026-02-14T20:15:32+00:00,a0b89dde8ece,7078,"Internals: Make AstCAwait an AstNodeStmt (#6280) (#7078)"
05_sva,2026-02-01T05:08:41+00:00,122ceb225800,6973,"Internals: Fix use of Expr as Stmt in V3Assert (#6280) (#6973)"
05_sva,2026-01-07T07:02:52-08:00,da14e7c4bb83,6890,"Fix `disable iff` in simple properties (#6890)"
05_sva,2025-12-17T13:51:40-05:00,d10e841b56d0,6830,"Skip properties for expression coverage (#6830)"
05_sva,2025-12-09T07:18:32-05:00,0f355c717e16,6783,"Fix `disable iff` in simple properties (#6783)"
05_sva,2025-12-03T21:23:48-05:00,7957701db8c9,,"Suppress unsupported for unused constant sequences"
05_sva,2025-12-02T17:54:40-05:00,9a1dba357e88,,"Fix `randsequence return` inside function"
05_sva,2025-11-30T09:04:42-05:00,b9b6eb61d9de,6131,"Support randsequence (#6131)"
05_sva,2025-11-14T13:48:46+01:00,f32095dd17ef,6691,"Support constexpr cycle delay in sequences (#6691)"
05_sva,2025-11-12T18:52:17-05:00,67094f6a88e0,,"Tests: Disable t_udp_sequential until fix (#6056 workaround)"
05_sva,2025-11-06T08:42:27-05:00,5adecb9fa3bd,6639,"Support multi-expression sequences (#6639)"
05_sva,2025-11-06T13:31:40+00:00,f7e12e9219cf,6652,"Fix slow compilation of generated sampled value code (#6652)"
05_sva,2025-10-21T16:37:32+01:00,ec911581306a,6578,"Internals: Refactor AstCFunc internals (#6280) (#6578)"
05_sva,2025-10-14T09:05:19+01:00,eb53bca6fdc1,6556,"Internals: Make AstAssignW a procedural statement (#6280) (#6556)"
05_sva,2025-10-11T10:47:46-04:00,078275034d40,,"Internals: Parse randsequence but still unsupported (#6131 partial)"
05_sva,2025-10-10T16:16:15+02:00,31e73f1645d7,6508,"Support simple cycle delay sequence expressions inside assertion properties (#6508)"
05_sva,2025-09-12T07:17:26-04:00,9a6b24fca479,6427,"Fix parsing for sequence expressions (#6427)"
05_sva,2025-08-27T21:25:40-04:00,e32108713d18,6234,"Fix randomize on function-local variable (#6234)."
05_sva,2025-08-23T21:16:53-04:00,ac2a75fbb526,,"Support future sampled value functions."
05_sva,2025-08-05T14:29:33+01:00,158a54a7ffab,6263,"Defer deletion of eliminated Ast variables until end of Dfg pass. (#6263)"
05_sva,2025-07-10T18:46:45+01:00,ce77bac99a89,6168,"Break some combinational cycles in DFG (#6168)"
05_sva,2025-07-03T21:13:04-04:00,5a6d5ed96bbe,,"Support property `iff` and `implies`."
05_sva,2025-06-23T18:35:26-04:00,11998ccc5858,6107,"Revert requiring C++20 until SystemC sorted (#6101) (#6107)"
05_sva,2025-06-23T17:58:26-04:00,2daa09a25540,6111,"Optimize constify within Expand and Subst (#6111)"
05_sva,2025-05-11T08:24:11-04:00,0162e15b6e28,,"Tests: Rename property tests"
05_sva,2025-04-11T12:25:56-04:00,7336b9ebfc39,5931,"Add V3EmitV support for sampled value functions (#5931)"
05_sva,2024-12-19T15:15:28-05:00,74d5d008bb62,5686,"Fix VPI + SYMRSVDWORD intersection (#5686)"
05_sva,2024-11-26T22:27:32-05:00,99daa8d24b0b,4016,"Support `default disable iff` and `$inferred_disable` (#4016)."
05_sva,2024-11-24T18:33:10-05:00,f58aee2ff278,,"Internals: Defer marking variables as IfaceRef until cells resolved. No functional change intended."
05_sva,2024-11-10T19:34:00-05:00,15d1751b2309,,"Internals: Defer `class extends` resolution until link"
05_sva,2024-11-10T18:36:12-05:00,b71d49e55ab6,,"Internals: Defer `$unit` package resolution until link"
05_sva,2024-11-09T22:26:59-05:00,bc87270ca9c7,,"Add UNSUPPORTED on property variable, instead of syntax error."
05_sva,2024-09-21T20:27:55-04:00,888af29a72a9,,"Delay struct type determination until elaboration"
05_sva,2024-09-21T20:27:41-04:00,5f39c69d1920,,"Delay parameter type assignment determination until elaboration"
05_sva,2024-08-26T05:01:37-04:00,d3e07b6ad9d6,,"Internals: Always use parallel for make -j 4 clang-format yapf format-pl-exec make[1]: Entering directory '/svaha/wsnyder/SandBox/homecvs/v4/verilator' yapf3 -i bin/verilator_ccache_report bin/verilator_difftree bin/verilator_gantt bin/verilator_includer bin/verilator_profcfunc examples/json_py/vl_file_copy examples/json_py/vl_hier_graph docs/guide/conf.py docs/bin/vl_sphinx_extract docs/bin/vl_sphinx_fix src/astgen src/bisonpre src/config_rev src/cppcheck_filtered src/flexfix src/vlcovgen src/.gdbinit.py test_regress/t/*.pf nodist/clang_check_attributes nodist/code_coverage nodist/dot_importer nodist/fuzzer/actual_fail nodist/fuzzer/generate_dictionary nodist/install_test nodist/log_changes  nodist/code_coverage.dat chmod a+x test_regress/t/*.pl clang-format-14 -i ./include/verilated.cpp ./include/verilated_cov.cpp ./include/verilated_dpi.cpp ./include/verilated_fst_c.cpp ./include/verilated_fst_sc.cpp ./include/verilated_probdist.cpp ./include/verilated_profiler.cpp ./include/verilated_random.cpp ./include/verilated_save.cpp ./include/verilated_threads.cpp ./include/verilated_timing.cpp ./include/verilated_vcd_c.cpp ./include/verilated_vcd_sc.cpp ./include/verilated_vpi.cpp ./examples/make_hello_c/sim_main.cpp ./examples/make_hello_sc/sc_main.cpp ./examples/make_protect_lib/sim_main.cpp ./examples/make_tracing_c/sim_main.cpp ./examples/make_tracing_sc/sc_main.cpp ./src/VlcMain.cpp ./src/VlcTop.cpp ./src/V3Active.cpp ./src/V3ActiveTop.cpp ./src/V3Assert.cpp ./src/V3AssertPre.cpp ./src/V3Ast.cpp ./src/V3AstNodes.cpp ./src/V3Begin.cpp ./src/V3Branch.cpp ./src/V3Broken.cpp ./src/V3CCtors.cpp ./src/V3CUse.cpp ./src/V3Case.cpp ./src/V3Cast.cpp ./src/V3Class.cpp ./src/V3Clean.cpp ./src/V3Clock.cpp ./src/V3Combine.cpp ./src/V3Common.cpp ./src/V3Config.cpp ./src/V3Const.cpp ./src/V3Coverage.cpp ./src/V3CoverageJoin.cpp ./src/V3Dead.cpp ./src/V3Delayed.cpp ./src/V3Depth.cpp ./src/V3DepthBlock.cpp ./src/V3Descope.cpp ./src/V3Dfg.cpp ./src/V3DfgAstToDfg.cpp ./src/V3DfgCache.cpp ./src/V3DfgDecomposition.cpp ./src/V3DfgDfgToAst.cpp ./src/V3DfgOptimizer.cpp ./src/V3DfgPasses.cpp ./src/V3DfgPeephole.cpp ./src/V3DfgRegularize.cpp ./src/V3DupFinder.cpp ./src/Verilator.cpp ./src/V3EmitCBase.cpp ./src/V3EmitCConstPool.cpp ./src/V3EmitCFunc.cpp ./src/V3EmitCHeaders.cpp ./src/V3EmitCImp.cpp ./src/V3EmitCInlines.cpp ./src/V3EmitCMain.cpp ./src/V3EmitCMake.cpp ./src/V3EmitCModel.cpp ./src/V3EmitCPch.cpp ./src/V3EmitCSyms.cpp ./src/V3EmitMk.cpp ./src/V3EmitV.cpp ./src/V3EmitXml.cpp ./src/V3Error.cpp ./src/V3ExecGraph.cpp ./src/V3Expand.cpp ./src/V3File.cpp ./src/V3FileLine.cpp ./src/V3Force.cpp ./src/V3Fork.cpp ./src/V3Gate.cpp ./src/V3Global.cpp ./src/V3Graph.cpp ./src/V3GraphAcyc.cpp ./src/V3GraphAlg.cpp ./src/V3GraphPathChecker.cpp ./src/V3GraphTest.cpp ./src/V3Hash.cpp ./src/V3Hasher.cpp ./src/V3HierBlock.cpp ./src/V3Inline.cpp ./src/V3Inst.cpp ./src/V3InstrCount.cpp ./src/V3Interface.cpp ./src/V3Param.cpp ./src/V3ParseGrammar.cpp ./src/V3ParseImp.cpp ./src/V3ParseLex.cpp ./src/V3PreProc.cpp ./src/V3PreShell.cpp ./src/V3Premit.cpp ./src/V3ProtectLib.cpp ./src/V3Randomize.cpp ./src/V3Reloop.cpp ./src/V3Sampled.cpp ./src/V3Sched.cpp ./src/V3SchedAcyclic.cpp ./src/V3SchedPartition.cpp ./src/V3SchedReplicate.cpp ./src/V3SchedTiming.cpp ./src/V3SchedVirtIface.cpp ./src/V3Scope.cpp ./src/V3Scoreboard.cpp ./src/V3Slice.cpp ./src/V3Split.cpp ./src/V3SplitAs.cpp ./src/V3SplitVar.cpp ./src/V3StackCount.cpp ./src/V3Stats.cpp ./src/V3StatsReport.cpp ./src/V3String.cpp ./src/V3Subst.cpp ./src/V3TSP.cpp ./src/V3Table.cpp ./src/V3Task.cpp ./src/V3ThreadPool.cpp ./src/V3Timing.cpp ./src/V3Trace.cpp ./src/V3TraceDecl.cpp ./src/V3Tristate.cpp ./src/V3Undriven.cpp ./src/V3Unknown.cpp ./src/V3Unroll.cpp ./src/V3VariableOrder.cpp ./src/V3Waiver.cpp ./src/V3Width.cpp ./src/V3WidthCommit.cpp ./src/V3WidthSel.cpp ./src/V3Life.cpp ./src/V3LifePost.cpp ./src/V3LinkCells.cpp ./src/V3LinkDot.cpp ./src/V3LinkInc.cpp ./src/V3LinkJump.cpp ./src/V3LinkLValue.cpp ./src/V3LinkLevel.cpp ./src/V3LinkParse.cpp ./src/V3LinkResolve.cpp ./src/V3Localize.cpp ./src/V3MergeCond.cpp ./src/V3Name.cpp ./src/V3Number.cpp ./src/V3OptionParser.cpp ./src/V3Options.cpp ./src/V3Order.cpp ./src/V3OrderGraphBuilder.cpp ./src/V3OrderMoveGraph.cpp ./src/V3OrderParallel.cpp ./src/V3OrderProcessDomains.cpp ./src/V3OrderSerial.cpp ./src/V3Os.cpp ./src/V3Param.cpp ./src/V3ParseGrammar.cpp ./src/V3ParseImp.cpp ./src/V3ParseLex.cpp ./src/V3PreProc.cpp ./src/V3PreShell.cpp ./src/V3Premit.cpp ./src/V3ProtectLib.cpp ./src/V3Randomize.cpp ./src/V3Reloop.cpp ./src/V3Sampled.cpp ./src/V3Sched.cpp ./src/V3SchedAcyclic.cpp ./src/V3SchedPartition.cpp ./src/V3SchedReplicate.cpp ./src/V3SchedTiming.cpp ./src/V3SchedVirtIface.cpp ./src/V3Scope.cpp ./src/V3Scoreboard.cpp ./src/V3Slice.cpp ./src/V3Split.cpp ./src/V3SplitAs.cpp ./src/V3SplitVar.cpp ./src/V3StackCount.cpp ./src/V3Stats.cpp ./src/V3StatsReport.cpp ./src/V3String.cpp ./src/V3Subst.cpp ./src/V3TSP.cpp ./src/V3Table.cpp ./src/V3Task.cpp ./src/V3ThreadPool.cpp ./src/V3Timing.cpp ./src/V3Trace.cpp ./src/V3TraceDecl.cpp ./src/V3Tristate.cpp ./src/V3Undriven.cpp ./src/V3Unknown.cpp ./src/V3Unroll.cpp ./src/V3VariableOrder.cpp ./src/V3Waiver.cpp ./src/V3Width.cpp ./src/V3WidthCommit.cpp ./src/V3WidthSel.cpp ./include/verilated.h ./include/verilated_config.h ./include/verilated_cov.h ./include/verilated_cov_key.h ./include/verilated_dpi.h ./include/verilated_fst_c.h ./include/verilated_fst_sc.h ./include/verilated_funcs.h ./include/verilated_imp.h ./include/verilated_intrinsics.h ./include/verilated_profiler.h ./include/verilated_random.h ./include/verilated_save.h ./include/verilated_sc.h ./include/verilated_sc_trace.h ./include/verilated_sym_props.h ./include/verilated_syms.h ./include/verilated_threads.h ./include/verilated_timing.h ./include/verilated_trace.h ./include/verilated_trace_imp.h ./include/verilated_types.h ./include/verilated_vcd_c.h ./include/verilated_vcd_sc.h ./include/verilated_vpi.h ./include/verilatedos.h ./include/verilatedos_c.h ./src/V3Active.h ./src/V3ActiveTop.h ./src/V3Assert.h ./src/V3AssertPre.h ./src/V3Ast.h ./src/V3AstInlines.h ./src/V3AstNodeDType.h ./src/V3AstNodeExpr.h ./src/V3AstNodeOther.h ./src/V3AstUserAllocator.h ./src/V3Begin.h ./src/V3Branch.h ./src/V3Broken.h ./src/V3CCtors.h ./src/V3CUse.h ./src/V3Case.h ./src/V3Cast.h ./src/V3Class.h ./src/V3Clean.h ./src/V3Clock.h ./src/V3Combine.h ./src/V3Common.h ./src/V3Config.h ./src/V3Const.h ./src/V3Coverage.h ./src/V3CoverageJoin.h ./src/V3Dead.h ./src/V3Delayed.h ./src/V3Depth.h ./src/V3DepthBlock.h ./src/V3Descope.h ./src/V3Dfg.h ./src/V3DfgCache.h ./src/V3DfgOptimizer.h ./src/V3DfgPasses.h ./src/V3DfgPatternStats.h ./src/V3DfgPeephole.h ./src/V3DfgVertices.h ./src/V3DupFinder.h ./src/V3EmitC.h ./src/V3EmitCBase.h ./src/V3EmitCConstInit.h ./src/V3EmitCFunc.h ./src/V3EmitCMain.h ./src/V3EmitCMake.h ./src/V3EmitMk.h ./src/V3EmitV.h ./src/V3EmitXml.h ./src/V3Error.h ./src/V3ExecGraph.h ./src/V3Expand.h ./src/V3File.h ./src/V3FileLine.h ./src/V3Force.h ./src/V3Fork.h ./src/V3FunctionTraits.h ./src/V3Gate.h ./src/V3Global.h ./src/V3Graph.h ./src/V3GraphAlg.h ./src/V3GraphPathChecker.h ./src/V3GraphStream.h ./src/V3Hash.h ./src/V3Hasher.h ./src/V3HierBlock.h ./src/V3Inline.h ./src/V3Inst.h ./src/V3InstrCount.h ./src/V3Interface.h ./src/V3LangCode.h ./src/V3LanguageWords.h ./src/V3Life.h ./src/V3LifePost.h ./src/V3LinkCells.h ./src/V3LinkDot.h ./src/V3LinkInc.h ./src/V3LinkJump.h ./src/V3LinkLValue.h ./src/V3LinkLevel.h ./src/V3LinkParse.h ./src/V3LinkResolve.h ./src/V3List.h ./src/V3Localize.h ./src/V3MemberMap.h ./src/V3MergeCond.h ./src/V3Mutex.h ./src/V3Name.h ./src/V3Number.h ./src/V3OptionParser.h ./src/V3Options.h ./src/V3Order.h ./src/V3OrderCFuncEmitter.h ./src/V3OrderGraph.h ./src/V3OrderInternal.h ./src/V3OrderMoveGraph.h ./src/V3Os.h ./src/V3PairingHeap.h ./src/V3Param.h ./src/V3Parse.h ./src/V3ParseImp.h ./src/V3ParseSym.h ./src/V3PchAstMT.h ./src/V3PchAstNoMT.h ./src/V3PreExpr.h ./src/V3PreLex.h ./src/V3PreProc.h ./src/V3PreShell.h ./src/V3Premit.h ./src/V3ProtectLib.h ./src/V3Randomize.h ./src/V3Reloop.h ./src/V3Rtti.h ./src/V3Sampled.h ./src/V3Sched.h ./src/V3Scope.h ./src/V3Scoreboard.h ./src/V3SenExprBuilder.h ./src/V3SenTree.h ./src/V3Simulate.h ./src/V3Slice.h ./src/V3Split.h ./src/V3SplitAs.h ./src/V3SplitVar.h ./src/V3StackCount.h ./src/V3Stats.h ./src/V3StdFuture.h ./src/V3String.h ./src/V3Subst.h ./src/V3SymTable.h ./src/V3TSP.h ./src/V3Table.h ./src/V3Task.h ./src/V3ThreadPool.h ./src/V3Timing.h ./src/V3Trace.h ./src/V3TraceDecl.h ./src/V3Tristate.h ./src/V3Undriven.h ./src/V3UniqueNames.h ./src/V3Unknown.h ./src/V3Unroll.h ./src/V3VariableOrder.h ./src/V3Waiver.h ./src/V3Width.h ./src/V3WidthCommit.h ./src/V3WidthRemove.h ./src/VlcBucket.h ./src/VlcOptions.h ./src/VlcPoint.h ./src/VlcSource.h ./src/VlcTest.h ./src/VlcTop.h ./src/config_build.h ./src/config_package.h ./src/config_rev.h ./src/verilog.y ./src/V3PreLex.l ./src/verilog.l test_regress/t/*.c* test_regress/t/*.h make[1]: Leaving directory '/svaha/wsnyder/SandBox/homecvs/v4/verilator'"
05_sva,2024-05-02T00:24:00+01:00,3f89bdcfaccb,5091,"Defer conversion of set flag based AssignDlys (#5091)"
05_sva,2024-05-01T23:06:25+01:00,d841a791e64a,5090,"Refactor V3Delayed to enable algorithmic extension (#5090)"
05_sva,2024-02-21T10:15:29-05:00,c3ff52208a25,4912,"Commentary: Fix typo in the call condition of designp->nextTimeSlot() (#4912)"
05_sva,2024-01-21T16:18:48-05:00,2989e54eaa6d,4848,"Add unsupported warning on property iff (#4848)"
05_sva,2023-09-03T21:02:42-04:00,c65265477f94,,"Tests: Enable cover named property"
05_sva,2023-07-26T05:18:21-04:00,959387b69fc6,4317,"Support property declaration with empty parentheses (#4313) (#4317)"
05_sva,2023-06-12T09:24:46-04:00,ac4315e145a1,4284,"Fix LATCH warning on function local variables (#4221) (#4284)"
05_sva,2023-05-17T17:09:33+00:00,729f8b9334ce,4208,"Move suspendable detection to a separate visitor (#4208)"
05_sva,2023-04-09T17:08:04-04:00,e3bdae77a0cb,,"Tests: Add randsequence test"
05_sva,2023-03-11T11:08:37-05:00,5489ec6effd8,,"Parse 'first_match', and still unsupported."
05_sva,2023-03-11T10:53:10-05:00,e55e81bcd05c,,"Parse sequence 'local input', still unsupported."
05_sva,2023-03-10T22:13:17-05:00,60a6ed2a2022,,"Support assert property statement-else-statement"
05_sva,2023-03-06T05:12:09-05:00,725ec088ea77,,"Parse 'sequence' declarations, property case/if, still unsupported."
05_sva,2023-03-05T19:57:09-05:00,d0f5ce0cc462,,"Parse intersect/throughout/within, still unsupported."
05_sva,2023-03-05T19:42:21-05:00,cb89ef9885f1,,"Parse more property expression syntax, as still unsupported"
05_sva,2023-03-05T18:52:55-05:00,90360d40fd6f,,"Change property expression handling towards eventual more general expressions."
05_sva,2023-03-05T16:59:24-05:00,a47fd075856d,,"Internals: Standard grammar for property_expression |-> |=>."
05_sva,2023-02-14T20:44:14-05:00,43d8de4f80ee,,"Support property var decls."
05_sva,2023-02-11T13:03:10-05:00,daa545774e0e,,"Parse randsequence as UNSUPPORTED."
05_sva,2023-01-20T07:25:37-05:00,be53eec5cadd,3893,"Support property calls without parenthesis (#3879) (#3893)"
05_sva,2022-11-10T22:09:24-05:00,528a73a492b2,,"Fix instability after disable iff error."
05_sva,2022-11-01T18:53:47-04:00,bac98df46b00,3667,"Support named properties (#3667)"
05_sva,2022-10-22T14:05:39+00:00,fcf0d03cd4cb,3599,"Dynamic triggers for non-static contexts (#3599)"
05_sva,2022-10-21T09:00:40-04:00,627a144b83d3,3702,"Support access to constructs inside type parameters (#3702)"
05_sva,2022-10-05T18:16:05-04:00,1a8188e1b4af,3657,"Fix linker errors in user-facing timing functions (#3657)"
05_sva,2022-09-28T18:54:18-04:00,9c2ead90d5d8,3595,"Add custom memory management for verilated classes (#3595)"
05_sva,2022-09-13T21:54:12+01:00,25644844299a,,"astgen: Rewrite in a more OOP way, in preparation for extensions"
05_sva,2022-09-11T13:05:24-04:00,752f425025d6,,"Tests: Process/Semaphore/Mailbox testing (all fail until supported)"
05_sva,2022-09-02T12:08:34+01:00,2ba39b25f1a2,,"Replace dynamic_casts with static_casts"
05_sva,2022-08-31T16:52:05+01:00,505bba14ebb5,,"Improve PartFixDataHazards for clarity and speed."
05_sva,2022-08-30T06:33:42-04:00,2136afde6b29,3572,"Support negated properties  (#3572)"
05_sva,2022-08-01T12:54:41+01:00,cb60663d49f1,,"V3Gate: Defer substitutions until required as well"
05_sva,2022-07-31T20:42:04+01:00,0d2bf23d820e,,"V3Gate: Defer constant folding until required"
05_sva,2022-07-19T14:16:08+01:00,efb5caad22a9,,"Improve robustness of trace configuration"
05_sva,2022-04-29T17:05:44+01:00,49c90ecbce45,,"Issue consistent INITIALDLY/COMBDLY/BLKSEQ warnings"
05_sva,2022-04-23T13:25:27+01:00,0b74e9b35405,,"Ensure topological ordering of module list."
05_sva,2021-11-09T21:54:21+00:00,185e5d8f428d,,"Make 'bit', 'logic' and 'time' types unsigned by default"
05_sva,2021-08-12T21:43:32+01:00,536bdf506e78,3091,"Fix re-evaluation of logic dependent on state set in DPI exports (#3091)."
05_sva,2021-08-11T17:29:22+01:00,00fe36f44cd7,,"Name temporary variables based on hash of related node."
05_sva,2021-07-10T15:20:19+01:00,896b18e024d8,,"Emit function locals in the place they appear in the tree"
05_sva,2021-07-10T12:57:40+01:00,add3811f46f4,,"Internals: Fix debug prints racing with option parsing."
05_sva,2021-07-05T15:53:56+01:00,2a7aa28b206a,,"V3Simulate/V3Table: change deques to vectors for performance"
05_sva,2021-06-30T16:35:40+01:00,708abe0dd1aa,3036,"Introduce model interface class, make $root part or Syms (#3036)"
05_sva,2020-09-10T06:49:04-04:00,d0819f156f48,1292,"Add support for |=> inside properties (#1292)."
05_sva,2020-09-03T12:38:48-04:00,627d83e80764,2531,"Add support for assume property (#2531)"
05_sva,2020-06-09T07:13:40-04:00,d42f9c095b4b,,"Delay parsing of associative arrays until dtypes known."
05_sva,2020-05-15T18:34:29+01:00,900c023bb5b5,,"Refactor trace implementation to allow experimentation"
05_sva,2020-01-22T19:07:48-05:00,c5d04631d158,,"Internals: More performance efficient AstNode casting. Closes #2133."
05_sva,2020-01-21T19:54:14-05:00,220daa5f33b9,,"Internals: Restore AstNode naming property. #2133."
05_sva,2019-12-23T16:49:18-05:00,9b998cf6b360,,"Support implication operator ""|->"" in assertions, #2069."
05_sva,2019-12-22T15:49:10-05:00,ea979c8f83f6,,"Fix disable iff in assertions. Closes #1404."
05_sva,2019-10-01T21:57:45-04:00,045ff25f808e,,"Support vpiModule, bug1469."
05_sva,2019-09-21T07:43:20-04:00,d7b6b53c4dae,,"Make callCbs() public."
05_sva,2018-06-26T17:57:57-04:00,e8a23cf8bc04,,"Fix to ignore Unicode UTF-8 BOM sequences, msg2576."
05_sva,2018-06-26T07:11:56-04:00,d4b9b5aba675,,"Fix to ignore Unicode UTF-8 BOM sequences, msg2576."
05_sva,2018-03-11T10:37:20-04:00,c8cf2afb1586,,"Support assert properties, bug785, bug1290."
